sample,ch2_hpf_mV
0,-0.153212
1,-0.241823
2,-0.238382
3,-0.14428
4,0.005542
5,0.158414
6,0.251455
7,0.233035
8,0.131553
9,-0.012773
10,-0.150264
11,-0.247113
12,-0.2409
13,-0.142353
14,0.003989
15,0.154617
16,0.250611
17,0.234032
18,0.134348
19,-0.007178
20,-0.152535
21,-0.251849
22,-0.238153
23,-0.139062
24,0.008675
25,0.161992
26,0.258888
27,0.240032
28,0.134743
29,-0.012568
30,-0.161339
31,-0.259845
32,-0.246944
33,-0.13556
34,0.026132
35,0.171295
36,0.261154
37,0.238518
38,0.134609
39,-0.011003
40,-0.156937
41,-0.248508
42,-0.238115
43,-0.13982
44,0.010663
45,0.161718
46,0.259725
47,0.242718
48,0.132202
49,-0.017289
50,-0.160327
51,-0.250007
52,-0.236277
53,-0.136545
54,0.007516
55,0.159338
56,0.252674
57,0.236949
58,0.135737
59,-0.014771
60,-0.156701
61,-0.247301
62,-0.238188
63,-0.137303
64,0.008562
65,0.158848
66,0.259929
67,0.245782
68,0.136168
69,-0.012736
70,-0.158456
71,-0.248454
72,-0.232558
73,-0.137799
74,0.00294
75,0.15497
76,0.254006
77,0.236534
78,0.132255
79,-0.01617
80,-0.162488
81,-0.250562
82,-0.238161
83,-0.137456
84,0.012898
85,0.166559
86,0.256812
87,0.229996
88,0.125627
89,-0.01528
90,-0.155437
91,-0.244792
92,-0.234684
93,-0.135195
94,0.012917
95,0.162463
96,0.25108
97,0.226491
98,0.118869
99,-0.023525
100,-0.164178
101,-0.25633
102,-0.244097
103,-0.130326
104,0.025262
105,0.179033
106,0.265225
107,0.234414
108,0.127313
109,-0.016892
110,-0.159933
111,-0.248424
112,-0.237894
113,-0.132131
114,0.023512
115,0.173619
116,0.253732
117,0.232837
118,0.123441
119,-0.023579
120,-0.164259
121,-0.254052
122,-0.239413
123,-0.133672
124,0.016709
125,0.165704
126,0.25415
127,0.230078
128,0.123657
129,-0.021351
130,-0.162613
131,-0.250124
132,-0.232432
133,-0.130782
134,0.015233
135,0.170961
136,0.261714
137,0.239235
138,0.126805
139,-0.022985
140,-0.167357
141,-0.253396
142,-0.237007
143,-0.129713
144,0.016934
145,0.161408
146,0.251908
147,0.231514
148,0.122825
149,-0.027914
150,-0.176925
151,-0.272032
152,-0.2592
153,-0.148947
154,0.004156
155,0.153598
156,0.244187
157,0.221271
158,0.116158
159,-0.022618
160,-0.15717
161,-0.242623
162,-0.220501
163,-0.109913
164,0.040288
165,0.190599
166,0.275179
167,0.247555
168,0.136202
169,-0.012497
170,-0.155729
171,-0.240185
172,-0.227909
173,-0.129128
174,0.016402
175,0.167688
176,0.260462
177,0.235487
178,0.122523
179,-0.024524
180,-0.166955
181,-0.249117
182,-0.234144
183,-0.127405
184,0.024983
185,0.172451
186,0.257275
187,0.231749
188,0.12943
189,-0.019619
190,-0.165455
191,-0.251646
192,-0.236703
193,-0.134369
194,0.022569
195,0.177189
196,0.258794
197,0.232944
198,0.126158
199,-0.02085
200,-0.161271
201,-0.254335
202,-0.23745
203,-0.12876
204,0.020174
205,0.170221
206,0.252419
207,0.226754
208,0.113373
209,-0.034314
210,-0.171071
211,-0.251522
212,-0.235682
213,-0.128808
214,0.022249
215,0.173398
216,0.257974
217,0.233057
218,0.122944
219,-0.025436
220,-0.173851
221,-0.257894
222,-0.238257
223,-0.129598
224,0.018198
225,0.178556
226,0.269166
227,0.239561
228,0.122417
229,-0.032313
230,-0.177963
231,-0.263716
232,-0.241892
233,-0.129332
234,0.026825
235,0.175037
236,0.259995
237,0.232328
238,0.120575
239,-0.02779
240,-0.169565
241,-0.255583
242,-0.237967
243,-0.126829
244,0.0265
245,0.174778
246,0.260191
247,0.232408
248,0.122272
249,-0.024263
250,-0.171281
251,-0.260297
252,-0.241042
253,-0.126578
254,0.027066
255,0.175115
256,0.259577
257,0.233742
258,0.119976
259,-0.03019
260,-0.16937
261,-0.248472
262,-0.233206
263,-0.126272
264,0.030365
265,0.183746
266,0.267031
267,0.232092
268,0.113508
269,-0.034898
270,-0.179203
271,-0.257291
272,-0.229495
273,-0.117024
274,0.03351
275,0.175366
276,0.253572
277,0.225504
278,0.121615
279,-0.021714
280,-0.162519
281,-0.247321
282,-0.229058
283,-0.117232
284,0.031308
285,0.177448
286,0.262939
287,0.233279
288,0.114438
289,-0.032349
290,-0.171806
291,-0.254454
292,-0.233587
293,-0.125135
294,0.030736
295,0.178624
296,0.256733
297,0.228742
298,0.118669
299,-0.027104
300,-0.167614
301,-0.25168
302,-0.234541
303,-0.123957
304,0.030448
305,0.177126
306,0.255343
307,0.230302
308,0.124124
309,-0.028643
310,-0.176529
311,-0.257441
312,-0.234206
313,-0.119617
314,0.028115
315,0.173705
316,0.251937
317,0.228021
318,0.11842
319,-0.029263
320,-0.173258
321,-0.256249
322,-0.233465
323,-0.122867
324,0.030455
325,-0.250781
326,-0.225792
327,-0.112834
328,0.034322
329,0.17467
330,0.256493
331,0.222536
332,0.10837
333,-0.03399
334,-0.16818
335,-0.248847
336,-0.223573
337,-0.113559
338,0.032187
339,0.178419
340,0.257376
341,0.226547
342,0.117146
343,-0.029878
344,-0.175825
345,-0.254361
346,-0.232841
347,-0.121445
348,0.028728
349,0.183743
350,0.26311
351,0.230111
352,0.120148
353,-0.030284
354,-0.178551
355,-0.259498
356,-0.230606
357,-0.11866
358,0.03372
359,0.1817
360,0.258711
361,0.229727
362,0.113097
363,-0.035861
364,-0.177532
365,-0.257416
366,-0.235224
367,-0.115819
368,0.037028
369,0.179771
370,0.257438
371,0.227173
372,0.114591
373,-0.036914
374,-0.180026
375,-0.25282
376,-0.226825
377,-0.117541
378,0.0374
379,0.194305
380,0.266651
381,0.236188
382,0.117473
383,-0.03636
384,-0.177566
385,-0.256348
386,-0.231642
387,-0.117779
388,0.035596
389,0.182278
390,0.25337
391,0.21639
392,0.107339
393,-0.03443
394,-0.175563
395,-0.254766
396,-0.231742
397,-0.119934
398,0.033817
399,0.184044
400,0.262025
401,0.230339
402,0.110724
403,-0.036451
404,-0.177178
405,-0.254424
406,-0.226743
407,-0.119454
408,0.02763
409,0.177698
410,0.255454
411,0.219708
412,0.108146
413,-0.031441
414,-0.17548
415,-0.252932
416,-0.228644
417,-0.108966
418,0.037414
419,0.185075
420,0.259794
421,0.216625
422,0.100956
423,-0.038935
424,-0.16827
425,-0.246249
426,-0.228932
427,-0.121127
428,0.029271
429,0.184158
430,0.262711
431,0.221589
432,0.106094
433,-0.032946
434,-0.172763
435,-0.255142
436,-0.231697
437,-0.117919
438,0.033967
439,0.185221
440,0.263792
441,0.229118
442,0.120392
443,-0.030934
444,-0.180108
445,-0.256516
446,-0.228126
447,-0.114969
448,0.035767
449,0.183932
450,0.255557
451,0.216774
452,0.096694
453,-0.04991
454,-0.190374
455,-0.258995
456,-0.219771
457,-0.099647
458,0.053333
459,0.198316
460,0.269722
461,0.222619
462,0.099271
463,-0.045584
464,-0.180711
465,-0.254462
466,-0.222181
467,-0.104916
468,0.040439
469,0.189683
470,0.269912
471,0.226536
472,0.10365
473,-0.050749
474,-0.184627
475,-0.246737
476,-0.218717
477,-0.109832
478,0.034186
479,0.184166
480,0.263852
481,0.227898
482,0.103356
483,-0.045202
484,-0.183191
485,-0.254465
486,-0.227179
487,-0.111311
488,0.039824
489,0.187058
490,0.259247
491,0.22101
492,0.100176
493,-0.048396
494,-0.186378
495,-0.255917
496,-0.230875
497,-0.119644
498,0.03157
499,0.176485
500,0.248318
501,0.218674
502,0.097848
503,-0.055002
504,-0.200398
505,-0.277745
506,-0.246129
507,-0.126551
508,0.027145
509,0.180384
510,0.259599
511,0.222176
512,0.104335
513,-0.038117
514,-0.169249
515,-0.235581
516,-0.206209
517,-0.093016
518,0.057384
519,0.209737
520,0.279656
521,0.230058
522,0.106734
523,-0.045903
524,-0.187363
525,-0.25705
526,-0.226555
527,-0.110102
528,0.04421
529,0.191947
530,0.262404
531,0.221131
532,0.097641
533,-0.049557
534,-0.184232
535,-0.255143
536,-0.227221
537,-0.110269
538,0.043577
539,0.193093
540,0.264472
541,0.220902
542,0.101473
543,-0.042595
544,-0.182684
545,-0.255347
546,-0.227653
547,-0.107156
548,0.05252
549,0.196571
550,0.266925
551,0.223899
552,0.097374
553,-0.052191
554,-0.188834
555,-0.259705
556,-0.225641
557,-0.105203
558,0.049624
559,0.191951
560,0.259083
561,0.215096
562,0.097794
563,-0.040559
564,-0.181556
565,-0.256232
566,-0.225191
567,-0.113084
568,0.038868
569,0.194191
570,0.268289
571,0.222684
572,0.100072
573,-0.040659
574,-0.179696
575,-0.257819
576,-0.225076
577,-0.107767
578,0.035471
579,0.179507
580,0.258745
581,0.223471
582,0.104141
583,-0.04613
584,-0.186431
585,-0.249792
586,-0.220467
587,-0.102124
588,0.042728
589,0.185883
590,0.257269
591,0.22064
592,0.097383
593,-0.051935
594,-0.188187
595,-0.254692
596,-0.219638
597,-0.104823
598,0.044125
599,0.192763
600,0.262921
601,0.224542
602,0.100558
603,-0.051549
604,-0.194257
605,-0.26767
606,-0.23168
607,-0.107281
608,0.045139
609,0.188712
610,0.254824
611,0.225006
612,0.099104
613,-0.056514
614,-0.194921
615,-0.256462
616,-0.217843
617,-0.094802
618,0.057148
619,0.197676
620,0.262736
621,0.216325
622,0.091187
623,-0.057674
624,-0.193619
625,-0.255152
626,-0.217873
627,-0.102299
628,0.04693
629,0.197502
630,0.268322
631,0.221692
632,0.099549
633,-0.049166
634,-0.188952
635,-0.254881
636,-0.219346
637,-0.098577
638,0.051556
639,0.197991
640,0.262008
641,0.215032
642,0.099587
643,-0.044602
644,-0.188091
645,-0.255634
646,-0.216816
647,-0.095306
648,0.053959
649,0.196587
650,0.262769
651,0.219886
652,0.096146
653,-0.051501
654,-0.190569
655,-0.256384
656,-0.219991
657,-0.09986
658,0.050704
659,0.19314
660,0.256672
661,0.213458
662,0.098271
663,-0.047959
664,-0.181975
665,-0.249535
666,-0.222759
667,-0.101401
668,0.051721
669,0.198314
670,0.258309
671,0.208272
672,0.087691
673,-0.055415
674,-0.183764
675,-0.250908
676,-0.21888
677,-0.09684
678,0.056134
679,0.204089
680,0.265152
681,0.215124
682,0.089997
683,-0.054898
684,-0.192957
685,-0.256544
686,-0.217275
687,-0.095404
688,0.053977
689,0.197869
690,0.261431
691,0.214091
692,0.088864
693,-0.06053
694,-0.197995
695,-0.259014
696,-0.220575
697,-0.096927
698,0.052721
699,0.195636
700,0.25932
701,0.215631
702,0.092938
703,-0.057427
704,-0.20055
705,-0.264207
706,-0.220805
707,-0.092481
708,0.056851
709,0.202606
710,0.261124
711,0.215363
712,0.091725
713,-0.057282
714,-0.19029
715,-0.250916
716,-0.21685
717,-0.099657
718,0.052019
719,0.196574
720,0.259435
721,0.210959
722,0.091529
723,-0.055422
724,-0.195604
725,-0.259582
726,-0.218358
727,-0.092504
728,0.060752
729,0.203879
730,0.261411
731,0.210867
732,0.086056
733,-0.06041
734,-0.199475
735,-0.261715
736,-0.21768
737,-0.093614
738,0.055234
739,0.197279
740,0.257616
741,0.209083
742,0.082479
743,-0.061155
744,-0.19229
745,-0.247597
746,-0.208069
747,-0.088566
748,0.058135
749,0.200962
750,0.262864
751,0.215064
752,0.089526
753,-0.057061
754,-0.198605
755,-0.259771
756,-0.214359
757,-0.092228
758,0.056592
759,0.197846
760,0.260912
761,0.211505
762,0.086125
763,-0.059087
764,-0.192021
765,-0.253587
766,-0.216698
767,-0.091139
768,0.060209
769,0.201083
770,0.258965
771,0.214599
772,0.093208
773,-0.051986
774,-0.191917
775,-0.256174
776,-0.217094
777,-0.094722
778,0.057845
779,0.199021
780,0.256856
781,0.211799
782,0.087819
783,-0.06121
784,-0.196925
785,-0.257141
786,-0.221229
787,-0.095394
788,0.059979
789,0.203127
790,0.2591
791,0.212824
792,0.091693
793,-0.055271
794,-0.192948
795,-0.251484
796,-0.216036
797,-0.099602
798,0.05335
799,0.201864
800,0.261742
801,0.211822
802,0.085418
803,-0.057385
804,-0.195905
805,-0.255961
806,-0.213581
807,-0.091146
808,0.058091
809,0.199678
810,0.258361
811,0.211868
812,0.087202
813,-0.061319
814,-0.199337
815,-0.260548
816,-0.218073
817,-0.092008
818,0.058382
819,0.199353
820,0.25839
821,0.215772
822,0.096086
823,-0.053221
824,-0.19813
825,-0.25966
826,-0.219381
827,-0.096049
828,0.056823
829,0.204255
830,0.264113
831,0.212853
832,0.084167
833,-0.064725
834,-0.196219
835,-0.249852
836,-0.21283
837,-0.090814
838,0.060123
839,0.203319
840,0.259926
841,0.211351
842,0.086616
843,-0.064227
844,-0.206234
845,-0.266021
846,-0.222409
847,-0.089324
848,0.067961
849,0.210025
850,0.272393
851,0.220661
852,0.087563
853,-0.066122
854,-0.206557
855,-0.261246
856,-0.209197
857,-0.08136
858,0.069696
859,0.211468
860,0.259618
861,0.203978
862,0.074365
863,-0.076669
864,-0.213295
865,-0.272471
866,-0.22764
867,-0.100709
868,0.040554
869,0.174866
870,0.237322
871,0.204968
872,0.080747
873,-0.070858
874,-0.205885
875,-0.259556
876,-0.203832
877,-0.074037
878,0.077931
879,0.224851
880,0.289045
881,0.238694
882,0.103069
883,-0.0413
884,-0.176711
885,-0.24604
886,-0.209629
887,-0.089948
888,0.059298
889,0.200758
890,0.255055
891,0.201215
892,0.080725
893,-0.060117
894,-0.196397
895,-0.254414
896,-0.21319
897,-0.092236
898,0.060428
899,0.203908
900,0.266968
901,0.212522
902,0.08321
903,-0.056786
904,-0.188357
905,-0.249871
906,-0.2159
907,-0.093825
908,0.056449
909,0.203092
910,0.263356
911,0.210308
912,0.078348
913,-0.072199
914,-0.204516
915,-0.256791
916,-0.214302
917,-0.10104
918,0.052547
919,0.209906
920,0.284998
921,0.216383
922,0.072886
923,-0.077602
924,-0.203666
925,-0.258244
926,-0.206991
927,-0.073122
928,0.074857
929,0.209984
930,0.255358
931,0.202341
932,0.07809
933,-0.07327
934,-0.211462
935,-0.270968
936,-0.213739
937,-0.068717
938,0.080664
939,0.208284
940,0.252079
941,0.19751
942,0.07448
943,-0.067433
944,-0.201476
945,-0.263986
946,-0.21961
947,-0.085781
948,0.083415
949,0.214882
950,0.259464
951,0.204988
952,0.070696
953,-0.074318
954,-0.200984
955,-0.257465
956,-0.217857
957,-0.090413
958,0.06638
959,0.215678
960,0.265538
961,0.203482
962,0.073757
963,-0.069969
964,-0.20919
965,-0.259238
966,-0.206229
967,-0.077394
968,0.073769
969,0.208441
970,0.25522
971,0.196486
972,0.079329
973,-0.058121
974,-0.197012
975,-0.255635
976,-0.209901
977,-0.085323
978,0.058614
979,0.196599
980,0.255074
981,0.225361
982,0.094469
983,-0.067346
984,-0.200984
985,-0.255505
986,-0.221689
987,-0.086098
988,0.087292
989,0.222342
990,0.25313
991,0.182405
992,0.066404
993,-0.037998
994,-0.167079
995,-0.246488
996,-0.208585
997,-0.085002
998,0.061713
999,0.204052
1000,0.257246
1001,0.198316
1002,0.07278
1003,-0.062624
1004,-0.192887
1005,-0.254452
1006,-0.209936
1007,-0.082238
1008,0.065151
1009,0.206492
1010,0.262424
1011,0.21254
1012,0.090372
1013,-0.063435
1014,-0.19905
1015,-0.259703
1016,-0.213748
1017,-0.089223
1018,0.058743
1019,0.202408
1020,0.258295
1021,0.20828
1022,0.084028
1023,-0.062511
1024,-0.19908
1025,-0.255789
1026,-0.209697
1027,-0.088984
1028,0.0632
1029,0.212445
1030,0.264299
1031,0.202915
1032,0.080086
1033,-0.064489
1034,-0.208172
1035,-0.265764
1036,-0.216881
1037,-0.080738
1038,0.073171
1039,0.20756
1040,0.248867
1041,0.201726
1042,0.089184
1043,-0.067305
1044,-0.214399
1045,-0.258829
1046,-0.20938
1047,-0.075704
1048,0.07656
1049,0.211671
1050,0.260491
1051,0.202139
1052,0.077064
1053,-0.065905
1054,-0.199967
1055,-0.252655
1056,-0.209402
1057,-0.086212
1058,0.062571
1059,0.206909
1060,0.265696
1061,0.211121
1062,0.076019
1063,-0.074905
1064,-0.209887
1065,-0.260161
1066,-0.205449
1067,0.208122
1068,0.25802
1069,0.207696
1070,0.078316
1071,-0.072359
1072,-0.206834
1073,-0.259085
1074,-0.217
1075,-0.086174
1076,0.082486
1077,0.227262
1078,0.259406
1079,0.198679
1080,0.07622
1081,-0.06852
1082,-0.203939
1083,-0.259423
1084,-0.207664
1085,-0.075601
1086,0.07743
1087,0.210387
1088,0.255258
1089,0.20374
1090,0.080207
1091,-0.072173
1092,-0.209395
1093,-0.257577
1094,-0.208533
1095,-0.078332
1096,0.075517
1097,0.213431
1098,0.256729
1099,0.201669
1100,0.074691
1101,-0.073796
1102,-0.212555
1103,-0.263887
1104,-0.212327
1105,-0.086743
1106,0.069621
1107,0.230525
1108,0.27479
1109,0.204267
1110,0.067737
1111,-0.07991
1112,-0.208892
1113,-0.256407
1114,-0.210306
1115,-0.08119
1116,0.074231
1117,0.213095
1118,0.258555
1119,0.206298
1120,0.072646
1121,-0.076525
1122,-0.204573
1123,-0.247153
1124,-0.201663
1125,-0.07799
1126,0.070391
1127,0.210179
1128,0.258761
1129,0.198317
1130,0.066537
1131,-0.081696
1132,-0.216255
1133,-0.269668
1134,-0.213988
1135,-0.072682
1136,0.081703
1137,0.220834
1138,0.265796
1139,0.204381
1140,0.063467
1141,-0.087703
1142,-0.203227
1143,-0.237125
1144,-0.198298
1145,-0.075109
1146,0.074884
1147,0.21183
1148,0.249494
1149,0.188164
1150,0.058922
1151,-0.079616
1152,-0.209156
1153,-0.25631
1154,-0.193688
1155,-0.06935
1156,0.069688
1157,0.205641
1158,0.255057
1159,0.206096
1160,0.075155
1161,-0.069967
1162,-0.20475
1163,-0.258456
1164,-0.204971
1165,-0.073237
1166,0.073978
1167,0.210741
1168,0.255848
1169,0.196757
1170,0.070458
1171,-0.070934
1172,-0.20681
1173,-0.255877
1174,-0.204369
1175,-0.076349
1176,0.079522
1177,0.213923
1178,0.244154
1179,0.189794
1180,0.080263
1181,-0.060063
1182,-0.204097
1183,-0.255572
1184,-0.212982
1185,-0.08573
1186,0.079037
1187,0.231422
1188,0.271933
1189,0.204616
1190,0.068958
1191,-0.08489
1192,-0.228107
1193,-0.27086
1194,-0.195651
1195,-0.058124
1196,0.088035
1197,0.222359
1198,0.264075
1199,0.203908
1200,0.071965
1201,-0.075878
1202,-0.211106
1203,-0.266322
1204,-0.221842
1205,-0.085452
1206,0.079163
1207,0.228179
1208,0.282617
1209,0.221359
1210,0.068947
1211,-0.088127
1212,-0.22274
1213,-0.266013
1214,-0.204804
1215,-0.06686
1216,0.084511
1217,0.218774
1218,0.263421
1219,0.200503
1220,0.074778
1221,-0.079317
1222,-0.220963
1223,-0.265516
1224,-0.208768
1225,-0.074658
1226,0.087943
1227,0.228165
1228,0.260973
1229,0.194935
1230,0.061413
1231,-0.081717
1232,-0.217944
1233,-0.273957
1234,-0.223103
1235,-0.088035
1236,0.06709
1237,0.199626
1238,0.234901
1239,0.171621
1240,0.040745
1241,-0.110164
1242,-0.229861
1243,-0.272184
1244,-0.196614
1245,-0.042313
1246,0.099805
1247,0.241947
1248,0.289067
1249,0.220038
1250,0.08207
1251,-0.066746
1252,-0.196374
1253,-0.240774
1254,-0.192588
1255,-0.068182
1256,0.076557
1257,0.218258
1258,0.26662
1259,0.203541
1260,0.054227
1261,-0.10746
1262,-0.234193
1263,-0.246675
1264,-0.170445
1265,-0.045281
1266,0.095531
1267,0.223105
1268,0.260522
1269,0.198591
1270,0.064411
1271,-0.084489
1272,-0.226134
1273,-0.272626
1274,-0.205612
1275,-0.057669
1276,0.093604
1277,0.226983
1278,0.26804
1279,0.198143
1280,0.05952
1281,-0.08713
1282,-0.21764
1283,-0.263532
1284,-0.205088
1285,-0.061285
1286,0.087468
1287,0.214432
1288,0.243716
1289,0.186198
1290,0.07418
1291,-0.065232
1292,-0.206921
1293,-0.262113
1294,-0.209776
1295,-0.065261
1296,0.095837
1297,0.223983
1298,0.256325
1299,0.195351
1300,0.06261
1301,-0.082124
1302,-0.211833
1303,-0.25405
1304,-0.193995
1305,-0.064447
1306,0.07985
1307,0.21674
1308,0.252804
1309,0.184718
1310,0.055419
1311,-0.085066
1312,-0.218488
1313,-0.25908
1314,-0.197016
1315,-0.056102
1316,0.090476
1317,0.22016
1318,0.258399
1319,0.197663
1320,0.058867
1321,-0.09063
1322,-0.217363
1323,-0.259449
1324,-0.206551
1325,-0.069524
1326,0.090336
1327,0.221873
1328,0.255119
1329,0.193043
1330,0.053676
1331,-0.097621
1332,-0.220625
1333,-0.258617
1334,-0.199335
1335,-0.065948
1336,0.091983
1337,0.228627
1338,0.261822
1339,0.197324
1340,0.061017
1341,-0.088278
1342,-0.218902
1343,-0.258989
1344,-0.20286
1345,-0.067381
1346,0.086362
1347,0.218908
1348,0.250002
1349,0.184612
1350,0.050685
1351,-0.087159
1352,-0.212475
1353,-0.251278
1354,-0.193201
1355,-0.059259
1356,0.091431
1357,0.225803
1358,0.260776
1359,0.196065
1360,0.060242
1361,-0.088398
1362,-0.217327
1363,-0.256961
1364,-0.200567
1365,-0.067048
1366,0.089107
1367,0.225771
1368,0.26052
1369,0.194477
1370,0.062949
1371,-0.083006
1372,-0.212961
1373,-0.254548
1374,-0.198754
1375,-0.065041
1376,0.091459
1377,0.230033
1378,0.265233
1379,0.198416
1380,0.061217
1381,-0.086542
1382,-0.216574
1383,-0.256628
1384,-0.197708
1385,-0.065877
1386,0.086526
1387,0.227474
1388,0.267222
1389,0.197509
1390,0.056074
1391,-0.094688
1392,-0.22293
1393,-0.257962
1394,-0.195391
1395,-0.061989
1396,0.085791
1397,0.223025
1398,0.265722
1399,0.204686
1400,0.066266
1401,-0.086964
1402,-0.217776
1403,-0.256014
1404,-0.197178
1405,-0.05869
1406,0.094267
1407,0.224612
1408,0.256385
1409,0.188195
1410,0.054836
1411,-0.088607
1412,-0.216245
1413,-0.256635
1414,-0.200306
1415,-0.068414
1416,0.08056
1417,0.217634
1418,0.262202
1419,0.200432
1420,0.070129
1421,-0.085184
1422,-0.222636
1423,-0.26276
1424,-0.198515
1425,-0.057646
1426,0.094968
1427,0.22227
1428,0.254629
1429,0.195572
1430,0.064592
1431,-0.087149
1432,-0.217847
1433,-0.255782
1434,-0.198473
1435,-0.061281
1436,0.093023
1437,0.224308
1438,0.254491
1439,0.189544
1440,0.055241
1441,-0.096889
1442,-0.226054
1443,-0.259209
1444,-0.194871
1445,-0.05727
1446,0.091464
1447,0.218548
1448,0.253038
1449,0.19968
1450,0.063168
1451,-0.091842
1452,-0.220233
1453,-0.259476
1454,-0.203768
1455,-0.064034
1456,0.094224
1457,0.22865
1458,0.258978
1459,0.190709
1460,0.054002
1461,-0.094191
1462,-0.224685
1463,-0.260671
1464,-0.200458
1465,-0.062541
1466,0.090422
1467,0.231029
1468,0.267008
1469,0.202122
1470,0.065639
1471,-0.085929
1472,-0.217506
1473,-0.259909
1474,-0.200579
1475,-0.066077
1476,0.09432
1477,0.23693
1478,0.261638
1479,0.189511
1480,0.05266
1481,-0.096455
1482,-0.223824
1483,-0.258292
1484,-0.197461
1485,-0.060435
1486,0.097427
1487,0.234494
1488,0.264379
1489,0.191875
1490,0.052954
1491,-0.094644
1492,-0.220878
1493,-0.254938
1494,-0.193206
1495,-0.060012
1496,0.095459
1497,0.229636
1498,0.256405
1499,0.190382
1500,0.054316
1501,-0.094766
1502,-0.225797
1503,-0.26154
1504,-0.193948
1505,-0.056705
1506,0.09155
1507,0.233084
1508,0.269803
1509,0.192271
1510,0.049063
1511,-0.102768
1512,-0.224104
1513,-0.250197
1514,-0.183135
1515,-0.051349
1516,0.094736
1517,0.222988
1518,0.253186
1519,0.196704
1520,0.060906
1521,-0.097492
1522,-0.225363
1523,-0.259829
1524,-0.198709
1525,-0.057648
1526,0.096715
1527,0.229161
1528,0.254353
1529,0.176735
1530,0.041835
1531,-0.102512
1532,-0.219193
1533,-0.246925
1534,-0.193411
1535,-0.060119
1536,0.101234
1537,0.240476
1538,0.25575
1539,0.187322
1540,0.04897
1541,-0.104514
1542,-0.231839
1543,-0.261988
1544,-0.193173
1545,-0.046575
1546,0.104698
1547,0.227434
1548,0.252934
1549,0.183344
1550,0.044945
1551,-0.098662
1552,-0.220439
1553,-0.255145
1554,-0.189029
1555,-0.047241
1556,0.104013
1557,0.232265
1558,0.257084
1559,0.178245
1560,0.034069
1561,-0.113329
1562,0.04463
1563,-0.104639
1564,-0.226022
1565,-0.253766
1566,-0.190771
1567,-0.051822
1568,0.101985
1569,0.230625
1570,0.256234
1571,0.182292
1572,0.042837
1573,-0.10442
1574,-0.225271
1575,-0.25184
1576,-0.185255
1577,-0.049566
1578,0.100464
1579,0.22989
1580,0.25117
1581,0.176785
1582,0.037226
1583,-0.111863
1584,-0.226358
1585,-0.241547
1586,-0.167941
1587,-0.039784
1588,0.105765
1589,0.228651
1590,0.24751
1591,0.1714
1592,0.028196
1593,-0.124074
1594,-0.252677
1595,-0.27305
1596,-0.198689
1597,-0.067141
1598,0.082346
1599,0.214815
1600,0.241102
1601,0.1697
1602,0.047317
1603,-0.078842
1604,-0.20287
1605,-0.232113
1606,-0.165859
1607,-0.03372
1608,0.110995
1609,0.242091
1610,0.271698
1611,0.20172
1612,0.055212
1613,-0.087038
1614,-0.209996
1615,-0.240709
1616,-0.179434
1617,-0.050735
1618,0.09417
1619,0.217195
1620,0.251111
1621,0.195239
1622,0.055316
1623,-0.100922
1624,-0.229199
1625,-0.257996
1626,-0.189175
1627,-0.050604
1628,0.104053
1629,0.235294
1630,0.260292
1631,0.187898
1632,0.047317
1633,-0.102435
1634,-0.227795
1635,-0.258257
1636,-0.190383
1637,-0.051723
1638,0.089557
1639,0.208628
1640,0.236234
1641,0.196722
1642,0.06651
1643,-0.096971
1644,-0.227387
1645,-0.256509
1646,-0.188909
1647,-0.049412
1648,0.10637
1649,0.235974
1650,0.253535
1651,0.173641
1652,0.033291
1653,-0.10811
1654,-0.227259
1655,-0.258174
1656,-0.185225
1657,-0.054364
1658,0.092672
1659,0.234402
1660,0.276678
1661,0.190465
1662,0.04274
1663,-0.109627
1664,-0.233428
1665,-0.257936
1666,-0.186707
1667,-0.04746
1668,0.10672
1669,0.232353
1670,0.252005
1671,0.175493
1672,0.039958
1673,-0.105126
1674,-0.226372
1675,-0.255276
1676,-0.185119
1677,-0.047209
1678,0.106113
1679,0.236076
1680,0.269293
1681,0.190154
1682,0.040551
1683,-0.110877
1684,-0.232832
1685,-0.254963
1686,-0.182986
1687,-0.046734
1688,0.10119
1689,0.228069
1690,0.250272
1691,0.171956
1692,0.028986
1693,-0.113068
1694,-0.22515
1695,-0.24817
1696,-0.177884
1697,-0.041485
1698,0.111264
1699,0.239328
1700,0.253372
1701,0.176181
1702,0.03778
1703,-0.115378
1704,-0.237428
1705,-0.256944
1706,-0.177749
1707,-0.029197
1708,0.118798
1709,0.234705
1710,0.24937
1711,0.16843
1712,0.027475
1713,-0.111125
1714,-0.21768
1715,-0.241451
1716,-0.178336
1717,-0.04467
1718,0.112023
1719,0.250213
1720,0.272675
1721,0.182828
1722,0.036483
1723,-0.113628
1724,-0.232572
1725,-0.256579
1726,-0.184028
1727,-0.037346
1728,0.121008
1729,0.238872
1730,0.249588
1731,0.172331
1732,0.033686
1733,-0.111906
1734,-0.231791
1735,-0.253708
1736,-0.179351
1737,-0.038546
1738,0.10977
1739,0.229815
1740,0.246769
1741,0.168753
1742,0.027656
1743,-0.114208
1744,-0.223794
1745,-0.245088
1746,-0.171041
1747,-0.023778
1748,0.128642
1749,0.246625
1750,0.253286
1751,0.167314
1752,0.028504
1753,-0.117911
1754,-0.236782
1755,-0.252009
1756,-0.176668
1757,-0.042242
1758,0.111408
1759,0.238598
1760,0.255804
1761,0.174417
1762,0.033182
1763,-0.114614
1764,-0.234013
1765,-0.251872
1766,-0.177134
1767,-0.038273
1768,0.114484
1769,0.238366
1770,0.252507
1771,0.174049
1772,0.032311
1773,-0.117366
1774,-0.237153
1775,-0.259684
1776,-0.180899
1777,-0.03692
1778,0.117409
1779,0.241645
1780,0.253149
1781,0.172007
1782,0.029987
1783,-0.120126
1784,-0.237188
1785,-0.254985
1786,-0.177336
1787,-0.034131
1788,0.11887
1789,0.237779
1790,0.251999
1791,0.17543
1792,0.035835
1793,-0.107441
1794,-0.228588
1795,-0.250745
1796,-0.174792
1797,-0.034096
1798,0.118648
1799,0.236084
1800,0.250088
1801,0.16933
1802,0.028021
1803,-0.116721
1804,-0.23197
1805,-0.251218
1806,-0.175805
1807,-0.03383
1808,0.119649
1809,0.240053
1810,0.258505
1811,0.178573
1812,0.035619
1813,-0.117642
1814,-0.236702
1815,-0.253578
1816,-0.173849
1817,-0.031901
1818,0.121267
1819,0.240251
1820,0.251535
1821,0.16845
1822,0.029047
1823,-0.117457
1824,-0.232385
1825,-0.250801
1826,-0.177009
1827,-0.034311
1828,0.121666
1829,0.239648
1830,0.248018
1831,0.169117
1832,0.032366
1833,-0.11227
1834,-0.229815
1835,-0.251168
1836,-0.171941
1837,-0.026496
1838,0.122205
1839,0.2386
1840,0.249543
1841,0.164284
1842,0.022989
1843,-0.123028
1844,-0.234628
1845,-0.248943
1846,-0.173641
1847,-0.031601
1848,0.122103
1849,0.237903
1850,0.248832
1851,0.169096
1852,0.026162
1853,-0.121281
1854,-0.228044
1855,-0.248177
1856,-0.171396
1857,-0.029922
1858,0.1172
1859,0.235887
1860,0.248432
1861,0.166835
1862,0.028217
1863,-0.117755
1864,-0.235697
1865,-0.255254
1866,-0.179491
1867,-0.035354
1868,0.118124
1869,0.239834
1870,0.252854
1871,0.167026
1872,0.025853
1873,-0.119011
1874,-0.234587
1875,-0.252503
1876,-0.175641
1877,-0.032065
1878,0.121212
1879,0.237595
1880,0.246243
1881,0.167199
1882,0.032197
1883,-0.116823
1884,-0.231129
1885,-0.247838
1886,-0.173065
1887,-0.02968
1888,0.122062
1889,0.238869
1890,0.248855
1891,0.163139
1892,0.022209
1893,-0.121616
1894,-0.233902
1895,-0.252763
1896,-0.170872
1897,-0.02301
1898,0.126009
1899,0.243715
1900,0.253266
1901,0.170986
1902,0.029594
1903,-0.119153
1904,-0.232895
1905,-0.247347
1906,-0.171174
1907,-0.032665
1908,0.11862
1909,0.239961
1910,0.253724
1911,0.167606
1912,0.022455
1913,-0.121784
1914,-0.236054
1915,-0.249526
1916,-0.16792
1917,-0.027894
1918,0.125372
1919,0.249527
1920,0.253453
1921,0.164373
1922,0.026499
1923,-0.117995
1924,-0.23245
1925,-0.249815
1926,-0.17015
1927,-0.030482
1928,0.121632
1929,0.242695
1930,0.251874
1931,0.165897
1932,0.024452
1933,-0.122724
1934,-0.237344
1935,-0.251632
1936,-0.169565
1937,-0.024866
1938,0.120741
1939,0.235124
1940,0.239427
1941,0.152088
1942,0.014261
1943,-0.125777
1944,-0.24228
1945,-0.263531
1946,-0.190429
1947,-0.048629
1948,0.103384
1949,0.220274
1950,0.230633
1951,0.146982
1952,0.013908
1953,-0.123332
1954,-0.223439
1955,-0.232739
1956,-0.154486
1957,-0.015524
1958,0.136275
1959,0.260603
1960,0.27435
1961,0.189219
1962,0.038306
1963,-0.114439
1964,-0.227783
1965,-0.245317
1966,-0.165018
1967,-0.02617
1968,0.123119
1969,0.239561
1970,0.24595
1971,0.159376
1972,0.019182
1973,-0.126513
1974,-0.23332
1975,-0.241923
1976,-0.164822
1977,-0.025899
1978,0.123432
1979,0.234662
1980,0.242246
1981,0.156224
1982,0.019065
1983,-0.123379
1984,-0.234754
1985,-0.24597
1986,-0.167308
1987,-0.020449
1988,0.130726
1989,0.241048
1990,0.237706
1991,0.151231
1992,0.011944
1993,-0.130242
1994,-0.234475
1995,-0.245075
1996,-0.17128
1997,-0.030924
1998,0.12126
1999,0.235174
2000,0.238006
2001,0.149915
2002,0.013505
2003,-0.12521
2004,-0.235679
2005,-0.250321
2006,-0.175088
2007,-0.034544
2008,0.120826
2009,0.240053
2010,0.247227
2011,0.155305
2012,0.012125
2013,-0.135399
2014,-0.249912
2015,-0.260812
2016,-0.179111
2017,-0.040506
2018,0.105976
2019,0.219713
2020,0.228263
2021,0.144819
2022,0.010738
2023,-0.125615
2024,-0.229797
2025,-0.242355
2026,-0.159289
2027,-0.015635
2028,0.132998
2029,0.245323
2030,0.254262
2031,0.172224
2032,0.034561
2033,-0.110419
2034,-0.223014
2035,-0.2363
2036,-0.15762
2037,-0.017318
2038,0.132671
2039,0.243487
2040,0.248395
2041,0.166018
2042,0.026546
2043,-0.115364
2044,-0.22685
2045,-0.239731
2046,-0.15454
2047,-0.011783
2048,0.133387
2049,-0.239729
2050,-0.159265
2051,-0.017595
2052,0.129818
2053,0.239227
2054,0.24941
2055,0.166426
2056,0.027275
2057,-0.117778
2058,-0.228376
2059,-0.242833
2060,-0.1614
2061,-0.020589
2062,0.126887
2063,0.239095
2064,0.245078
2065,0.161984
2066,0.025532
2067,-0.119345
2068,-0.227649
2069,-0.240773
2070,-0.164883
2071,-0.022777
2072,0.126023
2073,0.23948
2074,0.246827
2075,0.163708
2076,0.019781
2077,-0.124785
2078,-0.23267
2079,-0.242076
2080,-0.158681
2081,-0.02174
2082,0.125007
2083,0.234768
2084,0.240391
2085,0.154088
2086,0.015206
2087,-0.127462
2088,-0.233329
2089,-0.241931
2090,-0.160025
2091,-0.022218
2092,0.127564
2093,0.237368
2094,0.243775
2095,0.160309
2096,0.021791
2097,-0.124178
2098,-0.23351
2099,-0.244419
2100,-0.158344
2101,-0.014535
2102,0.13382
2103,0.240888
2104,0.241535
2105,0.152198
2106,0.014483
2107,-0.12558
2108,-0.229578
2109,-0.242141
2110,-0.163056
2111,-0.022508
2112,0.126026
2113,0.235967
2114,0.242155
2115,0.157073
2116,0.023222
2117,-0.123535
2118,-0.232612
2119,-0.240896
2120,-0.161043
2121,-0.019958
2122,0.127988
2123,0.232232
2124,0.236961
2125,0.153441
2126,0.011904
2127,-0.126566
2128,-0.227253
2129,-0.236499
2130,-0.157875
2131,-0.021268
2132,0.126056
2133,0.232859
2134,0.233832
2135,0.15121
2136,0.015404
2137,-0.12936
2138,-0.234116
2139,-0.234893
2140,-0.151885
2141,-0.016212
2142,0.13098
2143,0.237716
2144,0.241671
2145,0.151749
2146,0.016911
2147,-0.12145
2148,-0.231503
2149,-0.241585
2150,-0.156119
2151,-0.021363
2152,0.126192
2153,0.234101
2154,0.23761
2155,0.15223
2156,0.011801
2157,-0.126322
2158,-0.226827
2159,-0.236389
2160,-0.155001
2161,-0.014975
2162,0.129817
2163,0.233463
2164,0.234487
2165,0.150081
2166,0.016192
2167,-0.1236
2168,-0.226842
2169,-0.234345
2170,-0.155193
2171,-0.020335
2172,0.123247
2173,0.230326
2174,0.234766
2175,0.148594
2176,0.012315
2177,-0.123702
2178,-0.224253
2179,-0.234581
2180,-0.152404
2181,-0.01753
2182,0.126719
2183,0.234849
2184,0.234999
2185,0.15147
2186,0.01663
2187,-0.125498
2188,-0.229378
2189,-0.239061
2190,-0.156041
2191,-0.012464
2192,0.132708
2193,0.235351
2194,0.235227
2195,0.145543
2196,0.007475
2197,-0.134294
2198,-0.232372
2199,-0.23423
2200,-0.151201
2201,-0.01459
2202,0.134525
2203,0.236245
2204,0.23087
2205,0.145999
2206,0.013642
2207,-0.124985
2208,-0.226239
2209,-0.231116
2210,-0.149116
2211,-0.014249
2212,0.128899
2213,0.231269
2214,0.231408
2215,0.146717
2216,0.013697
2217,-0.12398
2218,-0.224918
2219,-0.23004
2220,-0.149678
2221,-0.012105
2222,0.132169
2223,0.233287
2224,0.231214
2225,0.142663
2226,0.007267
2227,-0.126602
2228,-0.225341
2229,-0.230571
2230,-0.145338
2231,-0.007618
2232,0.134506
2233,0.236499
2234,0.232437
2235,0.141565
2236,0.007504
2237,-0.1272
2238,-0.223975
2239,-0.230113
2240,-0.146029
2241,-0.009207
2242,0.130642
2243,0.230145
2244,0.225861
2245,0.137673
2246,0.002915
2247,-0.134576
2248,-0.228448
2249,-0.223793
2250,-0.135848
2251,-0.002897
2252,0.141698
2253,0.237867
2254,0.227305
2255,0.14
2256,0.00756
2257,-0.129749
2258,-0.229182
2259,-0.234255
2260,-0.151798
2261,-0.021599
2262,0.115379
2263,0.210859
2264,0.204319
2265,0.112966
2266,-0.020269
2267,-0.153103
2268,-0.239488
2269,-0.23058
2270,-0.140407
2271,-0.00191
2272,0.141468
2273,0.240123
2274,0.236044
2275,0.15559
2276,0.027761
2277,-0.105478
2278,-0.204042
2279,-0.206557
2280,-0.125263
2281,0.003391
2282,0.133928
2283,0.227431
2284,0.215545
2285,0.127432
2286,-0.000313
2287,-0.130277
2288,-0.217808
2289,-0.213753
2290,-0.133627
2291,-0.00994
2292,0.122986
2293,0.219801
2294,0.217344
2295,0.132904
2296,0.002811
2297,-0.127742
2298,-0.215129
2299,-0.211478
2300,-0.128197
2301,0.001085
2302,0.131125
2303,0.218812
2304,0.210714
2305,0.123647
2306,-0.007756
2307,-0.132594
2308,-0.214722
2309,-0.21196
2310,-0.132271
2311,-0.004457
2312,0.125351
2313,0.212987
2314,0.205137
2315,0.127144
2316,0.003665
2317,-0.125446
2318,-0.211008
2319,-0.208665
2320,-0.132442
2321,-0.0069
2322,0.131257
2323,0.222049
2324,0.207229
2325,0.12019
2326,-0.006811
2327,-0.130686
2328,-0.21654
2329,-0.212106
2330,-0.13183
2331,-0.005719
2332,0.128684
2333,0.219455
2334,0.208384
2335,0.119019
2336,-0.006421
2337,-0.130624
2338,-0.214339
2339,-0.212269
2340,-0.129251
2341,0.000761
2342,0.131673
2343,0.220998
2344,0.21344
2345,0.124309
2346,-0.00425
2347,-0.131272
2348,-0.219102
2349,-0.219725
2350,-0.136632
2351,-0.007058
2352,0.130131
2353,0.222225
2354,0.210214
2355,0.119636
2356,-0.009463
2357,-0.132902
2358,-0.212144
2359,-0.209362
2360,-0.125353
2361,0.004357
2362,0.135353
2363,0.223709
2364,0.214608
2365,0.121899
2366,-0.00998
2367,-0.13929
2368,-0.224127
2369,-0.216651
2370,-0.12918
2371,0.005198
2372,0.137274
2373,0.222535
2374,0.21048
2375,0.121655
2376,-0.004987
2377,-0.129728
2378,-0.218234
2379,-0.214901
2380,-0.124842
2381,0.008012
2382,0.138293
2383,0.224867
2384,0.211902
2385,0.121869
2386,-0.006949
2387,-0.134005
2388,-0.216234
2389,-0.209402
2390,-0.12356
2391,0.006769
2392,0.139049
2393,0.224222
2394,0.212982
2395,0.123461
2396,-0.005388
2397,-0.130951
2398,-0.213966
2399,-0.211202
2400,-0.13032
2401,-0.001438
2402,0.136966
2403,0.227034
2404,0.215536
2405,0.125234
2406,-0.004663
2407,-0.134119
2408,-0.218495
2409,-0.212209
2410,-0.122056
2411,0.007452
2412,0.138576
2413,0.228321
2414,0.21593
2415,0.121265
2416,-0.009084
2417,-0.136191
2418,-0.219864
2419,-0.215012
2420,-0.13079
2421,0.000472
2422,0.13855
2423,0.22782
2424,0.217163
2425,0.124613
2426,-0.007714
2427,-0.137479
2428,-0.224505
2429,-0.214014
2430,-0.12275
2431,0.007916
2432,0.139216
2433,0.225374
2434,0.208888
2435,0.117635
2436,-0.01041
2437,-0.139345
2438,-0.223729
2439,-0.217486
2440,-0.132306
2441,0.001086
2442,0.136851
2443,0.222293
2444,0.211305
2445,0.122045
2446,-0.006193
2447,-0.134362
2448,-0.219151
2449,-0.212829
2450,-0.12334
2451,0.007983
2452,0.140845
2453,0.226042
2454,0.211419
2455,0.117967
2456,-0.009952
2457,-0.138018
2458,-0.222208
2459,-0.212928
2460,-0.125474
2461,0.003607
2462,0.138827
2463,0.226542
2464,0.2157
2465,0.124462
2466,-0.008046
2467,-0.136669
2468,-0.218286
2469,-0.208064
2470,-0.120723
2471,0.008287
2472,0.14151
2473,0.226497
2474,0.211591
2475,0.121351
2476,-0.010302
2477,-0.140469
2478,-0.220343
2479,-0.211515
2480,-0.124902
2481,0.004967
2482,0.135937
2483,0.218796
2484,0.203496
2485,0.115324
2486,-0.01093
2487,-0.137552
2488,-0.211018
2489,-0.198261
2490,-0.114099
2491,0.015829
2492,0.148171
2493,0.229899
2494,0.21089
2495,0.11739
2496,-0.011277
2497,-0.137406
2498,-0.220931
2499,-0.215
2500,-0.122673
2501,0.005384
2502,0.138249
2503,0.220739
2504,0.207316
2505,0.114765
2506,-0.011511
2507,-0.137401
2508,-0.219447
2509,-0.210107
2510,-0.12297
2511,0.009219
2512,0.14093
2513,0.223362
2514,0.207357
2515,0.114183
2516,-0.013648
2517,-0.138245
2518,-0.217066
2519,-0.207301
2520,-0.121074
2521,0.008083
2522,0.142423
2523,0.226881
2524,0.203367
2525,0.108689
2526,-0.016444
2527,-0.14094
2528,-0.219432
2529,-0.206406
2530,-0.116939
2531,0.012541
2532,0.141567
2533,0.222239
2534,0.203673
2535,0.10974
2536,-0.01595
2537,-0.139142
2538,-0.217496
2539,-0.206299
2540,-0.11645
2541,0.011471
2542,0.140213
2543,0.219504
2544,0.202871
2545,0.112173
2546,-0.01733
2547,-0.14547
2548,-0.222073
2549,-0.207786
2550,-0.11566
2551,0.015196
2552,0.144246
2553,0.221709
2554,0.202424
2555,0.11268
2556,-0.01531
2557,-0.139822
2558,-0.217444
2559,-0.207603
2560,-0.11315
2561,0.020372
2562,0.148037
2563,0.224162
2564,0.201713
2565,0.106983
2566,-0.0175
2567,-0.140304
2568,-0.218636
2569,-0.203368
2570,-0.112763
2571,0.014898
2572,0.142509
2573,0.219149
2574,0.199053
2575,0.104953
2576,-0.021044
2577,-0.138641
2578,-0.213656
2579,-0.201387
2580,-0.114234
2581,0.012339
2582,0.142674
2583,0.221298
2584,0.203344
2585,0.117527
2586,-0.011072
2587,-0.138222
2588,-0.215127
2589,-0.202063
2590,-0.111585
2591,0.016224
2592,0.144299
2593,0.223154
2594,0.202617
2595,0.106015
2596,-0.023422
2597,-0.149225
2598,-0.228051
2599,-0.2151
2600,-0.124194
2601,0.004764
2602,0.133642
2603,0.207029
2604,0.185486
2605,0.093169
2606,-0.029173
2607,-0.149229
2608,-0.219256
2609,-0.199925
2610,-0.103575
2611,0.026026
2612,0.15657
2613,0.237725
2614,0.220122
2615,0.125325
2616,-0.001612
2617,-0.123938
2618,-0.203924
2619,-0.194301
2620,-0.108879
2621,0.018175
2622,0.144283
2623,0.220278
2624,0.198149
2625,0.104653
2626,-0.017806
2627,-0.138474
2628,-0.21114
2629,-0.199895
2630,-0.113446
2631,0.015294
2632,0.145304
2633,0.222612
2634,0.201013
2635,0.106366
2636,-0.023987
2637,-0.148717
2638,-0.222054
2639,-0.206618
2640,-0.117665
2641,0.00977
2642,0.138642
2643,0.220246
2644,0.203695
2645,0.105743
2646,-0.020278
2647,-0.137683
2648,-0.214063
2649,-0.201039
2650,-0.110172
2651,0.013146
2652,0.141974
2653,0.219297
2654,0.196193
2655,0.10505
2656,-0.018238
2657,-0.143046
2658,-0.21758
2659,-0.201986
2660,-0.113099
2661,0.016435
2662,0.145179
2663,0.214577
2664,0.191211
2665,0.102279
2666,-0.016053
2667,-0.137419
2668,-0.212603
2669,-0.197951
2670,-0.108684
2671,0.019753
2672,0.151999
2673,0.227079
2674,0.204217
2675,0.106621
2676,-0.022861
2677,-0.145338
2678,-0.22091
2679,-0.205974
2680,-0.107564
2681,0.024644
2682,0.146475
2683,0.219436
2684,0.196323
2685,0.098948
2686,-0.023441
2687,-0.143957
2688,-0.216752
2689,-0.199749
2690,-0.10672
2691,0.021533
2692,0.147236
2693,0.22064
2694,0.203337
2695,0.106974
2696,-0.019467
2697,-0.145795
2698,-0.225694
2699,-0.206262
2700,-0.110464
2701,0.02319
2702,0.152575
2703,0.223774
2704,0.201288
2705,0.10257
2706,-0.026252
2707,-0.150622
2708,-0.221118
2709,-0.200491
2710,-0.105199
2711,0.024651
2712,0.15232
2713,0.224857
2714,0.199406
2715,0.099626
2716,-0.024225
2717,-0.145006
2718,-0.221798
2719,-0.20236
2720,-0.108095
2721,0.020876
2722,0.150687
2723,0.223975
2724,0.19897
2725,0.100026
2726,-0.025999
2727,-0.145136
2728,-0.217291
2729,-0.203504
2730,-0.109836
2731,0.024192
2732,0.15497
2733,0.22757
2734,0.20192
2735,0.10444
2736,-0.027237
2737,-0.146645
2738,-0.221378
2739,-0.205195
2740,-0.106768
2741,0.0287
2742,0.158534
2743,0.229323
2744,0.202937
2745,0.102678
2746,-0.029029
2747,-0.148115
2748,-0.219767
2749,-0.205329
2750,-0.108605
2751,0.024869
2752,0.156875
2753,0.230995
2754,0.203562
2755,0.103216
2756,-0.026755
2757,-0.152484
2758,-0.225699
2759,-0.208705
2760,-0.107518
2761,0.026506
2762,0.155589
2763,0.226951
2764,0.198716
2765,0.100227
2766,-0.027126
2767,-0.152031
2768,-0.228257
2769,-0.207964
2770,-0.108635
2771,0.022039
2772,0.155536
2773,0.226735
2774,0.20327
2775,0.106057
2776,-0.021257
2777,-0.147034
2778,-0.220728
2779,-0.202793
2780,-0.105828
2781,0.025819
2782,0.156962
2783,0.233158
2784,0.20387
2785,0.104326
2786,-0.027251
2787,-0.157722
2788,-0.230135
2789,-0.204488
2790,-0.104398
2791,0.027635
2792,0.230037
2793,0.200491
2794,0.099321
2795,-0.028215
2796,-0.153324
2797,-0.224622
2798,-0.202869
2799,-0.105755
2800,0.026051
2801,0.161163
2802,0.235632
2803,0.207402
2804,0.106208
2805,-0.024614
2806,-0.152214
2807,-0.2241
2808,-0.205929
2809,-0.106414
2810,0.028445
2811,0.169089
2812,0.235165
2813,0.201803
2814,0.099658
2815,-0.031422
2816,-0.157175
2817,-0.227161
2818,-0.2068
2819,-0.106706
2820,0.02848
2821,0.16101
2822,0.234721
2823,0.205253
2824,0.099226
2825,-0.033766
2826,-0.160854
2827,-0.231177
2828,-0.208703
2829,-0.108246
2830,0.025482
2831,0.158191
2832,0.231028
2833,0.204242
2834,0.102952
2835,-0.027273
2836,-0.153782
2837,-0.22908
2838,-0.209352
2839,-0.110666
2840,0.027966
2841,0.167977
2842,0.237696
2843,0.202904
2844,0.098713
2845,-0.031909
2846,-0.158448
2847,-0.229869
2848,-0.208215
2849,-0.109854
2850,0.021872
2851,0.157554
2852,0.231922
2853,0.204168
2854,0.101702
2855,-0.032748
2856,-0.164766
2857,-0.233401
2858,-0.208751
2859,-0.108938
2860,0.030308
2861,0.166909
2862,0.239032
2863,0.210005
2864,0.107231
2865,-0.026774
2866,-0.159819
2867,-0.232156
2868,-0.210542
2869,-0.109466
2870,0.028926
2871,0.165554
2872,0.234837
2873,0.20498
2874,0.099488
2875,-0.035958
2876,-0.160684
2877,-0.229197
2878,-0.206736
2879,-0.102044
2880,0.03307
2881,0.161335
2882,0.234597
2883,0.20671
2884,0.1026
2885,-0.027094
2886,-0.15702
2887,-0.229631
2888,-0.205623
2889,-0.101309
2890,0.034062
2891,0.171522
2892,0.23903
2893,0.199878
2894,0.092952
2895,-0.037435
2896,-0.159771
2897,-0.225912
2898,-0.203592
2899,-0.100838
2900,0.034975
2901,0.166469
2902,0.235818
2903,0.200654
2904,0.093053
2905,-0.037892
2906,-0.159521
2907,-0.22723
2908,-0.202686
2909,-0.097079
2910,0.034041
2911,0.168355
2912,0.236423
2913,0.203385
2914,0.098329
2915,-0.036693
2916,-0.164922
2917,-0.23316
2918,-0.205312
2919,-0.101943
2920,0.032382
2921,0.166779
2922,0.235202
2923,0.20287
2924,0.093691
2925,-0.038247
2926,-0.161322
2927,-0.228228
2928,-0.201505
2929,-0.097652
2930,0.038597
2931,0.172188
2932,0.236201
2933,0.202593
2934,0.096332
2935,-0.037636
2936,-0.173379
2937,-0.245471
2938,-0.218109
2939,-0.116743
2940,0.01656
2941,0.152482
2942,0.21638
2943,0.186561
2944,0.080234
2945,-0.050327
2946,-0.173127
2947,-0.237028
2948,-0.207519
2949,-0.097348
2950,0.045084
2951,0.180504
2952,0.249224
2953,0.217803
2954,0.112561
2955,-0.020132
2956,-0.148306
2957,-0.220323
2958,-0.199702
2959,-0.097538
2960,0.03963
2961,0.170516
2962,0.232194
2963,0.199967
2964,0.095155
2965,-0.039882
2966,-0.168008
2967,-0.236011
2968,-0.208704
2969,-0.103886
2970,0.036632
2971,0.17008
2972,0.240759
2973,0.208234
2974,0.098573
2975,-0.037593
2976,-0.167235
2977,-0.229399
2978,-0.199732
2979,-0.098253
2980,0.033487
2981,0.166394
2982,0.238122
2983,0.205511
2984,0.096877
2985,-0.03962
2986,-0.170277
2987,-0.238881
2988,-0.211632
2989,-0.101403
2990,0.037213
2991,0.17041
2992,0.242887
2993,0.21003
2994,0.098779
2995,-0.040598
2996,-0.168715
2997,-0.235289
2998,-0.207339
2999,-0.09853
3000,0.041065
3001,0.175275
3002,0.240819
3003,0.204939
3004,0.09275
3005,-0.044398
3006,-0.169965
3007,-0.239649
3008,-0.209806
3009,-0.100617
3010,0.038015
3011,0.17374
3012,0.239938
3013,0.207386
3014,0.101218
3015,-0.034153
3016,-0.168425
3017,-0.235095
3018,-0.207607
3019,-0.096304
3020,0.045304
3021,0.178335
3022,0.242381
3023,0.202594
3024,0.090492
3025,-0.045222
3026,-0.171373
3027,-0.23797
3028,-0.208541
3029,-0.101469
3030,0.034049
3031,0.169859
3032,0.238912
3033,0.199649
3034,0.084296
3035,-0.047426
3036,-0.173768
3037,-0.238673
3038,-0.20649
3039,-0.098985
3040,0.039203
3041,0.174728
3042,0.239037
3043,0.208222
3044,0.099139
3045,-0.040233
3046,-0.173361
3047,-0.239097
3048,-0.208404
3049,-0.101936
3050,0.036595
3051,0.171645
3052,0.239897
3053,0.20572
3054,0.095391
3055,-0.041941
3056,-0.17144
3057,-0.236506
3058,-0.207025
3059,-0.094263
3060,0.047184
3061,0.179723
3062,0.247313
3063,0.209725
3064,0.098381
3065,-0.039283
3066,-0.171295
3067,-0.238906
3068,-0.204947
3069,-0.092142
3070,0.046536
3071,0.176284
3072,0.241011
3073,0.205092
3074,0.094755
3075,-0.040816
3076,-0.171752
3077,-0.235333
3078,-0.205896
3079,-0.097069
3080,0.043617
3081,0.179869
3082,0.245451
3083,0.206642
3084,0.097916
3085,-0.035659
3086,-0.162347
3087,-0.232121
3088,-0.205211
3089,-0.098002
3090,0.041661
3091,0.176269
3092,0.241441
3093,0.207415
3094,0.098264
3095,-0.039895
3096,-0.169402
3097,-0.23455
3098,-0.203925
3099,-0.100393
3100,0.037214
3101,0.174252
3102,0.238907
3103,0.20097
3104,0.090693
3105,-0.04631
3106,-0.172262
3107,-0.233473
3108,-0.202469
3109,-0.087606
3110,0.051179
3111,0.178246
3112,0.235643
3113,0.200361
3114,0.091224
3115,-0.046097
3116,-0.174013
3117,-0.236007
3118,-0.205166
3119,-0.095429
3120,0.04804
3121,0.177774
3122,0.236399
3123,0.200792
3124,0.091972
3125,-0.042099
3126,-0.168896
3127,-0.232359
3128,-0.200753
3129,-0.089712
3130,0.049765
3131,0.175445
3132,0.232194
3133,0.192744
3134,0.08262
3135,-0.051955
3136,-0.176293
3137,-0.236291
3138,-0.203453
3139,-0.097326
3140,0.043123
3141,0.177515
3142,0.237191
3143,0.198831
3144,0.091692
3145,-0.043245
3146,-0.170907
3147,-0.232372
3148,-0.199533
3149,-0.089333
3150,0.045284
3151,0.175899
3152,0.236688
3153,0.196834
3154,0.086004
3155,-0.048559
3156,-0.176979
3157,-0.236821
3158,-0.204914
3159,-0.094209
3160,0.047285
3161,0.177863
3162,0.236182
3163,0.197429
3164,0.087172
3165,-0.050758
3166,-0.17716
3167,-0.231625
3168,-0.199186
3169,-0.089709
3170,0.052304
3171,0.181355
3172,0.241893
3173,0.199361
3174,0.084047
3175,-0.052948
3176,-0.177047
3177,-0.237432
3178,-0.200887
3179,-0.089186
3180,0.046977
3181,0.178904
3182,0.240126
3183,0.199717
3184,0.087962
3185,-0.04782
3186,-0.178022
3187,-0.242572
3188,-0.206129
3189,-0.08836
3190,0.053324
3191,0.181939
3192,0.240343
3193,0.199813
3194,0.087482
3195,-0.046686
3196,-0.1692
3197,-0.230201
3198,-0.2031
3199,-0.096853
3200,0.044616
3201,0.182646
3202,0.241618
3203,0.197086
3204,0.085034
3205,-0.049834
3206,-0.176672
3207,-0.232388
3208,-0.196798
3209,-0.086514
3210,0.054915
3211,0.185439
3212,0.241833
3213,0.198776
3214,0.087248
3215,-0.044798
3216,-0.1738
3217,-0.233109
3218,-0.196567
3219,-0.085849
3220,0.051219
3221,0.177164
3222,0.235835
3223,0.195769
3224,0.083712
3225,-0.048143
3226,-0.173073
3227,-0.236485
3228,-0.204895
3229,-0.093983
3230,0.044949
3231,0.17957
3232,0.239256
3233,0.195582
3234,0.084562
3235,-0.049097
3236,-0.172433
3237,-0.231305
3238,-0.199987
3239,-0.090349
3240,0.047854
3241,0.177241
3242,0.235455
3243,0.194178
3244,0.080808
3245,-0.055555
3246,-0.181475
3247,-0.238723
3248,-0.204897
3249,-0.094119
3250,0.045225
3251,0.181807
3252,0.237183
3253,0.190832
3254,0.081381
3255,-0.051793
3256,-0.177546
3257,-0.236236
3258,-0.198337
3259,-0.084996
3260,0.050383
3261,0.184239
3262,0.242776
3263,0.1973
3264,0.084052
3265,-0.050388
3266,-0.18115
3267,-0.239673
3268,-0.200815
3269,-0.08957
3270,0.049321
3271,0.179913
3272,0.237648
3273,0.199657
3274,0.088164
3275,-0.048466
3276,-0.172832
3277,-0.232238
3278,-0.196122
3279,-0.083399
3280,0.050507
3281,0.177268
3282,0.237762
3283,0.197693
3284,0.083501
3285,-0.050617
3286,-0.061257
3287,-0.190009
3288,-0.248425
3289,-0.213226
3290,-0.10212
3291,0.035622
3292,0.167716
3293,0.224039
3294,0.183767
3295,0.071835
3296,-0.061343
3297,-0.182546
3298,-0.233911
3299,-0.191119
3300,-0.070544
3301,0.07565
3302,0.20858
3303,0.261787
3304,0.216565
3305,0.097988
3306,-0.04148
3307,-0.172609
3308,-0.234635
3309,-0.199343
3310,-0.085032
3311,0.057213
3312,0.19354
3313,0.248537
3314,0.200867
3315,0.08379
3316,-0.054324
3317,-0.180933
3318,-0.238329
3319,-0.198914
3320,-0.085073
3321,0.051263
3322,0.183155
3323,0.239547
3324,0.193874
3325,0.079489
3326,-0.056494
3327,-0.183474
3328,-0.239033
3329,-0.201264
3330,-0.087623
3331,0.052299
3332,0.185712
3333,0.242263
3334,0.196852
3335,0.079044
3336,-0.056253
3337,-0.179977
3338,-0.236566
3339,-0.197351
3340,-0.081941
3341,0.057896
3342,0.187303
3343,0.239711
3344,0.193237
3345,0.077577
3346,-0.060865
3347,-0.189925
3348,-0.242979
3349,-0.201304
3350,-0.085869
3351,0.054239
3352,0.185821
3353,0.239161
3354,0.194315
3355,0.079534
3356,-0.05665
3357,-0.180409
3358,-0.237141
3359,-0.200097
3360,-0.084597
3361,0.057234
3362,0.18906
3363,0.242825
3364,0.193362
3365,0.073124
3366,-0.062445
3367,-0.184983
3368,-0.23778
3369,-0.200358
3370,-0.086419
3371,0.054241
3372,0.186073
3373,0.239958
3374,0.194875
3375,0.076254
3376,-0.058829
3377,-0.181767
3378,-0.236785
3379,-0.201081
3380,-0.086267
3381,0.054651
3382,0.189397
3383,0.242749
3384,0.195818
3385,0.08062
3386,-0.056627
3387,-0.182812
3388,-0.238178
3389,-0.201272
3390,-0.08909
3391,0.053336
3392,0.187329
3393,0.240538
3394,0.195935
3395,0.081347
3396,-0.055854
3397,-0.182521
3398,-0.234352
3399,-0.195275
3400,-0.081838
3401,0.05844
3402,0.188602
3403,0.238982
3404,0.192942
3405,0.080166
3406,-0.052706
3407,-0.178929
3408,-0.233787
3409,-0.194574
3410,-0.080989
3411,0.056774
3412,0.186925
3413,0.242541
3414,0.199014
3415,0.086209
3416,-0.049567
3417,-0.176036
3418,-0.233877
3419,-0.198257
3420,-0.081321
3421,0.059699
3422,0.192471
3423,0.246377
3424,0.198103
3425,0.079794
3426,-0.055885
3427,-0.18266
3428,-0.236058
3429,-0.196658
3430,-0.082328
3431,0.054955
3432,0.183915
3433,0.238502
3434,0.19448
3435,0.075401
3436,-0.062008
3437,-0.187016
3438,-0.239674
3439,-0.200508
3440,-0.085079
3441,0.057867
3442,0.19241
3443,0.246078
3444,0.195232
3445,0.076098
3446,-0.056918
3447,-0.182794
3448,-0.238125
3449,-0.196869
3450,-0.080211
3451,0.059068
3452,0.182073
3453,0.234724
3454,0.191019
3455,0.073269
3456,-0.061234
3457,-0.185667
3458,-0.23752
3459,-0.195501
3460,-0.078811
3461,0.061301
3462,0.187776
3463,0.237246
3464,0.192631
3465,0.076959
3466,-0.06013
3467,-0.184093
3468,-0.235186
3469,-0.192848
3470,-0.077075
3471,0.059192
3472,0.188262
3473,0.240919
3474,0.194836
3475,0.078049
3476,-0.058163
3477,-0.18452
3478,-0.23864
3479,-0.196415
3480,-0.080501
3481,0.061756
3482,0.191848
3483,0.240481
3484,0.191412
3485,0.074409
3486,-0.06209
3487,-0.186044
3488,-0.235746
3489,-0.19393
3490,-0.078477
3491,0.058186
3492,0.190647
3493,0.244516
3494,0.193984
3495,0.075849
3496,-0.059498
3497,-0.183512
3498,-0.233319
3499,-0.190319
3500,-0.077205
3501,0.061085
3502,0.188815
3503,0.237941
3504,0.195185
3505,0.080325
3506,-0.063261
3507,-0.187537
3508,-0.237669
3509,-0.196831
3510,-0.077971
3511,0.0652
3512,0.197021
3513,0.246766
3514,0.194533
3515,0.078978
3516,-0.062454
3517,-0.189985
3518,-0.239492
3519,-0.199882
3520,-0.082734
3521,0.064947
3522,0.192708
3523,0.244799
3524,0.189061
3525,0.069725
3526,-0.06739
3527,-0.191374
3528,-0.241159
3529,-0.19278
3530,-0.073408
3531,0.061469
3532,0.191196
3533,0.241727
3534,0.193272
3535,0.078451
3536,-0.062299
3537,-0.186788
3538,-0.238454
3539,-0.196113
3540,-0.08295
3541,0.055841
3542,0.188505
3543,0.239749
3544,0.189521
3545,0.074627
3546,-0.062147
3547,-0.188933
3548,-0.232157
3549,-0.19206
3550,-0.085283
3551,0.053708
3552,0.188894
3553,0.242635
3554,0.191116
3555,0.070638
3556,-0.065815
3557,-0.18977
3558,-0.24076
3559,-0.188754
3560,-0.066867
3561,0.067215
3562,0.192272
3563,0.238187
3564,0.188657
3565,0.067578
3566,-0.068722
3567,-0.187175
3568,-0.23859
3569,-0.195377
3570,-0.078
3571,0.062448
3572,0.194092
3573,0.240468
3574,0.188424
3575,0.07302
3576,-0.062797
3577,-0.184707
3578,-0.235869
3579,-0.190666
3580,-0.071527
3581,0.065873
3582,0.191661
3583,0.238199
3584,0.187955
3585,0.067804
3586,-0.066177
3587,-0.186717
3588,-0.239262
3589,-0.196778
3590,-0.078006
3591,0.063039
3592,0.193546
3593,0.242644
3594,0.193007
3595,0.073167
3596,-0.063083
3597,-0.182688
3598,-0.229779
3599,-0.187663
3600,-0.071816
3601,0.067505
3602,0.195079
3603,0.242409
3604,0.192319
3605,0.070869
3606,-0.06638
3607,-0.191201
3608,-0.244133
3609,-0.196021
3610,-0.071887
3611,0.071233
3612,0.198807
3613,0.243257
3614,0.191248
3615,0.070993
3616,-0.065608
3617,-0.186108
3618,-0.236662
3619,-0.193951
3620,-0.075343
3621,0.071334
3622,0.199099
3623,0.243759
3624,0.195107
3625,0.072502
3626,-0.069878
3627,-0.191999
3628,-0.236663
3629,-0.192184
3630,-0.072663
3631,0.067693
3632,0.194287
3633,0.239548
3634,0.186959
3635,0.064799
3636,-0.072345
3637,-0.196449
3638,-0.249172
3639,-0.206945
3640,-0.089877
3641,0.048692
3642,0.178334
3643,0.217539
3644,0.164971
3645,0.047745
3646,-0.083956
3647,-0.199849
3648,-0.239439
3649,-0.191291
3650,-0.067838
3651,0.075911
3652,0.210037
3653,0.259109
3654,0.204473
3655,0.083829
3656,-0.051969
3657,-0.177706
3658,-0.22962
3659,-0.182733
3660,-0.063939
3661,0.069574
3662,0.192678
3663,0.235265
3664,0.182172
3665,0.070349
3666,-0.062646
3667,-0.185912
3668,-0.231625
3669,-0.188677
3670,-0.073799
3671,0.068399
3672,0.198521
3673,0.240722
3674,0.187801
3675,0.069756
3676,-0.068057
3677,-0.193195
3678,-0.238367
3679,-0.189608
3680,-0.070201
3681,0.067605
3682,0.194678
3683,0.239169
3684,0.188481
3685,0.067187
3686,-0.070725
3687,-0.190543
3688,-0.235269
3689,-0.187785
3690,-0.065881
3691,0.072229
3692,0.19626
3693,0.24026
3694,0.187393
3695,0.065568
3696,-0.075457
3697,-0.195862
3698,-0.236733
3699,-0.185247
3700,-0.062413
3701,0.071985
3702,0.194624
3703,0.233516
3704,0.181504
3705,0.062188
3706,-0.071723
3707,-0.190169
3708,-0.236852
3709,-0.189703
3710,-0.068471
3711,0.072177
3712,0.201578
3713,0.239592
3714,0.184381
3715,0.066562
3716,-0.071762
3717,-0.191372
3718,-0.240369
3719,-0.193359
3720,-0.072546
3721,0.068556
3722,0.197993
3723,0.237591
3724,0.180112
3725,0.056733
3726,-0.077273
3727,-0.19201
3728,-0.231754
3729,-0.184803
3730,-0.065784
3731,0.073229
3732,0.199499
3733,0.242157
3734,0.18718
3735,0.061133
3736,-0.0766
3737,-0.199772
3738,-0.242855
3739,-0.190178
3740,-0.068006
3741,0.071031
3742,0.197108
3743,0.238786
3744,0.183199
3745,0.062774
3746,-0.074847
3747,-0.198947
3748,-0.238546
3749,-0.188118
3750,-0.068299
3751,0.075042
3752,0.20333
3753,0.241511
3754,0.183667
3755,0.06309
3756,-0.074095
3757,-0.195177
3758,-0.238626
3759,-0.186126
3760,-0.066534
3761,0.072092
3762,0.197879
3763,0.23848
3764,0.180918
3765,0.058377
3766,-0.075594
3767,-0.194934
3768,-0.237145
3769,-0.182387
3770,-0.059781
3771,0.078391
3772,-0.18602
3773,-0.06572
3774,0.076873
3775,0.207502
3776,0.245536
3777,0.185347
3778,0.06376
3779,-0.074212
3780,-0.194175
3781,-0.234579
3782,-0.188367
3783,-0.065251
3784,0.078342
3785,0.205622
3786,0.243323
3787,0.181791
3788,0.057652
3789,-0.07869
3790,-0.196351
3791,-0.236664
3792,-0.184999
3793,-0.063367
3794,0.074526
3795,0.198653
3796,0.237023
3797,0.180907
3798,0.061576
3799,-0.072596
3800,-0.189906
3801,-0.233914
3802,-0.185761
3803,-0.062401
3804,0.078603
3805,0.202007
3806,0.239128
3807,0.180648
3808,0.060082
3809,-0.07598
3810,-0.196798
3811,-0.235119
3812,-0.180326
3813,-0.061266
3814,0.073382
3815,0.198411
3816,0.235216
3817,0.180596
3818,0.06346
3819,-0.072954
3820,-0.195994
3821,-0.235494
3822,-0.182528
3823,-0.060086
3824,0.079013
3825,0.203545
3826,0.238685
3827,0.179141
3828,0.058225
3829,-0.079116
3830,-0.200092
3831,-0.24096
3832,-0.186223
3833,-0.064902
3834,0.075951
3835,0.201232
3836,0.237432
3837,0.177814
3838,0.054743
3839,-0.084127
3840,-0.203079
3841,-0.237679
3842,-0.181046
3843,-0.058171
3844,0.080754
3845,0.203668
3846,0.238822
3847,0.179731
3848,0.054392
3849,-0.080104
3850,-0.198845
3851,-0.239271
3852,-0.185028
3853,-0.063313
3854,0.078028
3855,0.204237
3856,0.235511
3857,0.177296
3858,0.054272
3859,-0.079316
3860,-0.196929
3861,-0.236414
3862,-0.184166
3863,-0.056919
3864,0.086519
3865,0.207584
3866,0.239358
3867,0.180601
3868,0.058815
3869,-0.077453
3870,-0.195632
3871,-0.233437
3872,-0.182536
3873,-0.061995
3874,0.07887
3875,0.206197
3876,0.24019
3877,0.180133
3878,0.05944
3879,-0.079029
3880,-0.200638
3881,-0.23861
3882,-0.18081
3883,-0.058175
3884,0.082557
3885,0.203764
3886,0.237727
3887,0.176531
3888,0.058771
3889,-0.076701
3890,-0.196644
3891,-0.23465
3892,-0.182122
3893,-0.057495
3894,0.080142
3895,0.200854
3896,0.236247
3897,0.176885
3898,0.052791
3899,-0.084324
3900,-0.201333
3901,-0.238628
3902,-0.180786
3903,-0.058732
3904,0.083033
3905,0.205259
3906,0.238403
3907,0.179108
3908,0.056027
3909,-0.079412
3910,-0.195103
3911,-0.230537
3912,-0.174666
3913,-0.055955
3914,0.081276
3915,0.199417
3916,0.231198
3917,0.172486
3918,0.05012
3919,-0.084748
3920,-0.201327
3921,-0.235088
3922,-0.17813
3923,-0.056379
3924,0.083742
3925,0.207574
3926,0.238044
3927,0.17713
3928,0.05412
3929,-0.080668
3930,-0.197259
3931,-0.233854
3932,-0.180314
3933,-0.056741
3934,0.088601
3935,0.210093
3936,0.236291
3937,0.172156
3938,0.046821
3939,-0.091918
3940,-0.205578
3941,-0.235584
3942,-0.177297
3943,-0.054234
3944,0.08367
3945,0.203693
3946,0.236191
3947,0.177667
3948,0.047901
3949,-0.093303
3950,-0.204475
3951,-0.234011
3952,-0.174061
3953,-0.052666
3954,0.085345
3955,0.210008
3956,0.241602
3957,0.174979
3958,0.05265
3959,-0.083513
3960,-0.203568
3961,-0.242335
3962,-0.188629
3963,-0.066632
3964,0.074549
3965,0.192293
3966,0.215957
3967,0.152083
3968,0.027667
3969,-0.108512
3970,-0.225179
3971,-0.253688
3972,-0.191016
3973,-0.058857
3974,0.087564
3975,0.212472
3976,0.247933
3977,0.187377
3978,0.068706
3979,-0.062152
3980,-0.178697
3981,-0.21537
3982,-0.163064
3983,-0.039517
3984,0.100157
3985,0.218713
3986,0.24731
3987,0.181423
3988,0.049827
3989,-0.088939
3990,-0.205214
3991,-0.238137
3992,-0.18074
3993,-0.053431
3994,0.087577
3995,0.211273
3996,0.24294
3997,0.178642
3998,0.050986
3999,-0.08688
4000,-0.200841
4001,-0.23468
4002,-0.176305
4003,-0.049676
4004,0.088253
4005,0.20895
4006,0.238778
4007,0.170474
4008,0.045785
4009,-0.088462
4010,-0.200414
4011,-0.231515
4012,-0.179982
4013,-0.055938
4014,0.08396
4015,0.209689
4016,0.239637
4017,0.174888
4018,0.046315
4019,-0.090978
4020,-0.202021
4021,-0.230724
4022,-0.17205
4023,-0.046582
4024,0.089765
4025,0.208775
4026,0.238773
4027,0.172526
4028,0.045176
4029,-0.092887
4030,-0.208619
4031,-0.237956
4032,-0.175888
4033,-0.051456
4034,0.088349
4035,0.207586
4036,0.232116
4037,0.170376
4038,0.048069
4039,-0.090267
4040,-0.206621
4041,-0.237052
4042,-0.176722
4043,-0.050278
4044,0.090558
4045,0.212003
4046,0.236511
4047,0.167644
4048,0.041698
4049,-0.095475
4050,-0.210187
4051,-0.239133
4052,-0.176502
4053,-0.050121
4054,0.086169
4055,0.203154
4056,0.230553
4057,0.161615
4058,0.04005
4059,-0.090317
4060,-0.200936
4061,-0.231087
4062,-0.17355
4063,-0.054428
4064,0.088413
4065,0.210673
4066,0.239751
4067,0.176997
4068,0.048307
4069,-0.091038
4070,-0.208083
4071,-0.242273
4072,-0.18174
4073,-0.053673
4074,0.090131
4075,0.212545
4076,0.242285
4077,0.177542
4078,0.049569
4079,-0.089799
4080,-0.208591
4081,-0.238683
4082,-0.175951
4083,-0.04605
4084,0.096761
4085,0.216364
4086,0.242225
4087,0.176418
4088,0.050477
4089,-0.086538
4090,-0.207599
4091,-0.23887
4092,-0.175408
4093,-0.048479
4094,0.093764
4095,0.212125
4096,0.241642
4097,0.177777
4098,0.046971
4099,-0.092144
4100,-0.205393
4101,-0.233207
4102,-0.171709
4103,-0.045311
4104,0.098715
4105,0.217523
4106,0.241787
4107,0.17674
4108,0.048141
4109,-0.089077
4110,-0.204076
4111,-0.235382
4112,-0.173197
4113,-0.047461
4114,0.093789
4115,0.211395
4116,0.236179
4117,0.170107
4118,0.041956
4119,-0.094231
4120,-0.208021
4121,-0.23867
4122,-0.178015
4123,-0.048794
4124,0.097853
4125,0.218908
4126,0.243931
4127,0.174266
4128,0.04307
4129,-0.09555
4130,-0.209364
4131,-0.237149
4132,-0.17263
4133,-0.047431
4134,0.095619
4135,0.21647
4136,0.23643
4137,0.167791
4138,0.039049
4139,-0.098552
4140,-0.212916
4141,-0.240891
4142,-0.176985
4143,-0.047376
4144,0.097873
4145,0.219443
4146,0.243071
4147,0.171869
4148,0.039176
4149,-0.103312
4150,-0.213107
4151,-0.236529
4152,-0.175881
4153,-0.050182
4154,0.096033
4155,0.217492
4156,0.241013
4157,0.170358
4158,0.040312
4159,-0.097139
4160,-0.211306
4161,-0.242044
4162,-0.180366
4163,-0.048617
4164,0.102029
4165,0.21994
4166,0.237302
4167,0.165836
4168,0.041828
4169,-0.094064
4170,-0.211749
4171,-0.241073
4172,-0.174287
4173,-0.046046
4174,0.096361
4175,0.21787
4176,0.245791
4177,0.17287
4178,0.039284
4179,-0.098037
4180,-0.214272
4181,-0.241187
4182,-0.175281
4183,-0.042345
4184,0.09857
4185,0.214755
4186,0.239267
4187,0.1749
4188,0.043116
4189,-0.094246
4190,-0.20396
4191,-0.234963
4192,-0.174726
4193,-0.047607
4194,0.096401
4195,0.222282
4196,0.246512
4197,0.175829
4198,0.039324
4199,-0.105307
4200,-0.213491
4201,-0.239987
4202,-0.179086
4203,-0.046961
4204,0.101259
4205,0.220324
4206,0.240951
4207,0.167638
4208,0.038446
4209,-0.102146
4210,-0.217978
4211,-0.244283
4212,-0.174451
4213,-0.037301
4214,0.106154
4215,0.22439
4216,0.245699
4217,0.169627
4218,0.039171
4219,-0.098167
4220,-0.210706
4221,-0.241218
4222,-0.174999
4223,-0.044559
4224,0.098875
4225,0.222857
4226,0.245876
4227,0.174417
4228,0.043979
4229,-0.098224
4230,-0.213268
4231,-0.241537
4232,-0.175004
4233,-0.040048
4234,0.103901
4235,0.223896
4236,0.244728
4237,0.168197
4238,0.035473
4239,-0.106001
4240,-0.218273
4241,-0.238966
4242,-0.174409
4243,-0.045913
4244,0.098619
4245,0.219866
4246,0.239625
4247,0.165983
4248,0.0338
4249,-0.105648
4250,-0.218798
4251,-0.245495
4252,-0.176438
4253,-0.041079
4254,0.105114
4255,0.219159
4256,0.242326
4257,0.167373
4258,0.03785
4259,-0.098223
4260,-0.209425
4261,-0.237871
4262,-0.174783
4263,-0.041504
4264,0.104198
4265,0.217965
4266,0.236799
4267,0.167855
4268,0.037313
4269,-0.101572
4270,-0.215098
4271,-0.242731
4272,-0.175382
4273,-0.039005
4274,0.103294
4275,0.222046
4276,0.241693
4277,0.165638
4278,0.038404
4279,-0.099356
4280,-0.214845
4281,-0.237399
4282,-0.171678
4283,-0.037044
4284,0.10634
4285,0.220946
4286,0.246693
4287,0.172554
4288,0.03832
4289,-0.102016
4290,-0.217163
4291,-0.242863
4292,-0.17395
4293,-0.040263
4294,0.103192
4295,0.223156
4296,0.238085
4297,0.160237
4298,0.027018
4299,-0.114276
4300,-0.226308
4301,-0.254513
4302,-0.18449
4303,-0.054564
4304,0.086172
4305,0.201984
4306,0.225411
4307,0.160964
4308,0.031249
4309,-0.103344
4310,-0.211462
4311,-0.231852
4312,-0.162307
4313,-0.024196
4314,0.123928
4315,0.243973
4316,0.260484
4317,0.186034
4318,0.055414
4319,-0.090603
4320,-0.214709
4321,-0.237463
4322,-0.168444
4323,-0.035958
4324,0.103654
4325,0.227713
4326,0.245339
4327,0.163018
4328,0.034062
4329,-0.102748
4330,-0.216288
4331,-0.238206
4332,-0.17557
4333,-0.041249
4334,0.111587
4335,0.225042
4336,0.238382
4337,0.163011
4338,0.030041
4339,-0.1065
4340,-0.218326
4341,-0.240776
4342,-0.168882
4343,-0.032735
4344,0.109208
4345,0.223506
4346,0.239229
4347,0.163592
4348,0.030256
4349,-0.106559
4350,-0.215146
4351,-0.238926
4352,-0.169459
4353,-0.038537
4354,0.108048
4355,0.222868
4356,0.239334
4357,0.161582
4358,0.024211
4359,-0.115059
4360,-0.220094
4361,-0.240133
4362,-0.169675
4363,-0.03454
4364,0.107188
4365,0.222949
4366,0.236421
4367,0.164076
4368,0.031276
4369,-0.111968
4370,-0.218181
4371,-0.236184
4372,-0.168247
4373,-0.034591
4374,0.107513
4375,0.222978
4376,0.23948
4377,0.162236
4378,0.029499
4379,-0.108105
4380,-0.221991
4381,-0.242629
4382,-0.172687
4383,-0.039753
4384,0.106212
4385,0.225031
4386,0.241927
4387,0.165998
4388,0.033216
4389,-0.109957
4390,-0.223663
4391,-0.241545
4392,-0.163982
4393,-0.03124
4394,0.111959
4395,0.227895
4396,0.23972
4397,0.160007
4398,0.026334
4399,-0.111921
4400,-0.221775
4401,-0.241707
4402,-0.169164
4403,-0.033902
4404,0.111176
4405,0.226309
4406,0.239259
4407,0.159831
4408,0.023542
4409,-0.112308
4410,-0.219029
4411,-0.23788
4412,-0.166126
4413,-0.033491
4414,0.110218
4415,0.22633
4416,0.243888
4417,0.172348
4418,0.034813
4419,-0.109256
4420,-0.218915
4421,-0.236367
4422,-0.166223
4423,-0.033722
4424,0.111742
4425,0.230181
4426,0.24318
4427,0.168862
4428,0.035524
4429,-0.106326
4430,-0.215209
4431,-0.236152
4432,-0.165552
4433,-0.029286
4434,0.117996
4435,0.231663
4436,0.245248
4437,0.167096
4438,0.032153
4439,-0.108232
4440,-0.220575
4441,-0.239903
4442,-0.168645
4443,-0.03439
4444,0.109134
4445,0.22289
4446,0.237911
4447,0.163095
4448,0.029474
4449,-0.113235
4450,-0.220327
4451,-0.24128
4452,-0.171263
4453,-0.032525
4454,0.113237
4455,0.224959
4456,0.237432
4457,0.158908
4458,0.03097
4459,-0.104566
4460,-0.213707
4461,-0.234626
4462,-0.169404
4463,-0.037148
4464,0.110503
4465,0.227212
4466,0.240308
4467,0.159593
4468,0.024697
4469,-0.114575
4470,-0.225201
4471,-0.242409
4472,-0.169822
4473,-0.033697
4474,0.111532
4475,0.228821
4476,0.240998
4477,0.165044
4478,0.02963
4479,-0.112708
4480,-0.224401
4481,-0.24077
4482,-0.167321
4483,-0.033909
4484,0.11338
4485,0.23222
4486,0.247941
4487,0.16408
4488,0.02273
4489,-0.116723
4490,-0.222596
4491,-0.236888
4492,-0.161855
4493,-0.027715
4494,0.114219
4495,0.22507
4496,0.23462
4497,0.158986
4498,0.025922
4499,-0.110925
4500,-0.218327
4501,-0.238241
4502,-0.160324
4503,-0.022323
4504,0.120929
4505,0.230664
4506,0.239397
4507,0.158827
4508,0.023335
4509,-0.11255
4510,-0.221835
4511,-0.239739
4512,-0.164248
4513,-0.028667
4514,0.238896
4515,0.156236
4516,0.020497
4517,-0.113993
4518,-0.219338
4519,-0.233343
4520,-0.157601
4521,-0.026428
4522,0.115458
4523,0.23121
4524,0.240813
4525,0.15846
4526,0.022601
4527,-0.115251
4528,-0.222995
4529,-0.236092
4530,-0.162007
4531,-0.026607
4532,0.116833
4533,0.227429
4534,0.236812
4535,0.1558
4536,0.021493
4537,-0.12092
4538,-0.22837
4539,-0.239274
4540,-0.164089
4541,-0.02829
4542,0.116737
4543,0.229696
4544,0.239834
4545,0.161481
4546,0.024266
4547,-0.114689
4548,-0.220663
4549,-0.238359
4550,-0.164914
4551,-0.026586
4552,0.115832
4553,0.225495
4554,0.235554
4555,0.156198
4556,0.019794
4557,-0.1193
4558,-0.224905
4559,-0.237984
4560,-0.163308
4561,-0.026282
4562,0.122607
4563,0.231697
4564,0.238397
4565,0.157317
4566,0.022494
4567,-0.114952
4568,-0.217626
4569,-0.232417
4570,-0.162009
4571,-0.027358
4572,0.118212
4573,0.226974
4574,0.233528
4575,0.154329
4576,0.018243
4577,-0.119253
4578,-0.223407
4579,-0.237132
4580,-0.161302
4581,-0.025294
4582,0.119727
4583,0.230702
4584,0.239562
4585,0.158575
4586,0.024191
4587,-0.116055
4588,-0.224194
4589,-0.239414
4590,-0.162068
4591,-0.025138
4592,0.12037
4593,0.230582
4594,0.237641
4595,0.154446
4596,0.019623
4597,-0.119974
4598,-0.22479
4599,-0.238008
4600,-0.162328
4601,-0.025269
4602,0.121226
4603,0.232477
4604,0.242306
4605,0.16071
4606,0.027107
4607,-0.112553
4608,-0.220435
4609,-0.236775
4610,-0.159037
4611,-0.020833
4612,0.12066
4613,0.225511
4614,0.228786
4615,0.146543
4616,0.008063
4617,-0.134554
4618,-0.243051
4619,-0.257864
4620,-0.182942
4621,-0.047218
4622,0.099382
4623,0.213022
4624,0.222244
4625,0.145868
4626,0.020933
4627,-0.111223
4628,-0.214954
4629,-0.222731
4630,-0.139553
4631,0.000675
4632,0.143669
4633,0.251507
4634,0.260895
4635,0.173951
4636,0.034212
4637,-0.109315
4638,-0.220825
4639,-0.235453
4640,-0.158327
4641,-0.024357
4642,0.121647
4643,0.233044
4644,0.240876
4645,0.1529
4646,0.015891
4647,-0.123649
4648,-0.226689
4649,-0.230765
4650,-0.153811
4651,-0.022036
4652,0.122061
4653,0.234796
4654,0.241604
4655,0.15842
4656,0.017497
4657,-0.128359
4658,-0.231223
4659,-0.240593
4660,-0.16278
4661,-0.025265
4662,0.119424
4663,0.226752
4664,0.232467
4665,0.152136
4666,0.016989
4667,-0.123712
4668,-0.231274
4669,-0.239193
4670,-0.160777
4671,-0.024606
4672,0.118739
4673,0.229298
4674,0.241687
4675,0.157506
4676,0.01861
4677,-0.117479
4678,-0.223238
4679,-0.237497
4680,-0.159921
4681,-0.021924
4682,0.122535
4683,0.229757
4684,0.235137
4685,0.152483
4686,0.016671
4687,-0.125657
4688,-0.22864
4689,-0.238164
4690,-0.160012
4691,-0.019691
4692,0.126318
4693,0.234759
4694,0.237444
4695,0.155402
4696,0.017352
4697,-0.122423
4698,-0.226901
4699,-0.235276
4700,-0.156263
4701,-0.018501
4702,0.123772
4703,0.233128
4704,0.237274
4705,0.150598
4706,0.014838
4707,-0.125854
4708,-0.230949
4709,-0.236628
4710,-0.152522
4711,-0.018028
4712,0.124342
4713,0.233046
4714,0.237093
4715,0.152913
4716,0.015382
4717,-0.123325
4718,-0.226027
4719,-0.234885
4720,-0.155548
4721,-0.020369
4722,0.121299
4723,0.232939
4724,0.236758
4725,0.150128
4726,0.01623
4727,-0.123378
4728,-0.229047
4729,-0.237701
4730,-0.156089
4731,-0.01767
4732,0.12751
4733,0.23527
4734,0.236988
4735,0.154692
4736,0.014421
4737,-0.125303
4738,-0.225245
4739,-0.232089
4740,-0.150624
4741,-0.01628
4742,0.126469
4743,0.236897
4744,0.237366
4745,0.150633
4746,0.012734
4747,-0.127459
4748,-0.232136
4749,-0.236961
4750,-0.154152
4751,-0.015411
4752,0.129373
4753,0.236585
4754,0.235311
4755,0.14828
4756,0.015771
4757,-0.121688
4758,-0.223816
4759,-0.231254
4760,-0.152339
4761,-0.01427
4762,0.12944
4763,0.235467
4764,0.236684
4765,0.150184
4766,0.010588
4767,-0.128366
4768,-0.229691
4769,-0.236641
4770,-0.154338
4771,-0.015887
4772,0.12784
4773,0.234765
4774,0.231705
4775,0.143246
4776,0.009366
4777,-0.125289
4778,-0.224715
4779,-0.23424
4780,-0.154744
4781,-0.015538
4782,0.128368
4783,0.23657
4784,0.2382
4785,0.151108
4786,0.014458
4787,-0.12806
4788,-0.234748
4789,-0.240529
4790,-0.15562
4791,-0.013856
4792,0.128944
4793,0.231632
4794,0.233427
4795,0.146544
4796,0.009082
4797,-0.129301
4798,-0.228114
4799,-0.236514
4800,-0.158136
4801,-0.017942
4802,0.129099
4803,0.236943
4804,0.240976
4805,0.154248
4806,0.012049
4807,-0.127065
4808,-0.227632
4809,-0.231
4810,-0.15008
4811,-0.012733
4812,0.130399
4813,0.235907
4814,0.232617
4815,0.146012
4816,0.011558
4817,-0.125575
4818,-0.22965
4819,-0.238933
4820,-0.154114
4821,-0.013691
4822,0.125753
4823,0.231234
4824,0.232609
4825,0.152135
4826,0.01791
4827,-0.127529
4828,-0.231347
4829,-0.234929
4830,-0.149319
4831,-0.009013
4832,0.136637
4833,0.23924
4834,0.237413
4835,0.148692
4836,0.010587
4837,-0.12879
4838,-0.235102
4839,-0.240465
4840,-0.152207
4841,-0.011129
4842,0.132776
4843,0.238421
4844,0.239622
4845,0.154069
4846,0.013443
4847,-0.125951
4848,-0.22557
4849,-0.235154
4850,-0.155282
4851,-0.012165
4852,0.135118
4853,0.23914
4854,0.23937
4855,0.147816
4856,0.006775
4857,-0.133182
4858,-0.232963
4859,-0.235701
4860,-0.152434
4861,-0.013174
4862,0.129144
4863,0.232022
4864,0.230607
4865,0.146289
4866,0.010491
4867,-0.125889
4868,-0.231496
4869,-0.238563
4870,-0.155951
4871,-0.016907
4872,0.128831
4873,0.232502
4874,0.236044
4875,0.150787
4876,0.00986
4877,-0.133041
4878,-0.236654
4879,-0.239612
4880,-0.156904
4881,-0.015305
4882,0.134049
4883,0.239976
4884,0.234179
4885,0.13994
4886,0.004285
4887,-0.137246
4888,-0.237249
4889,-0.235092
4890,-0.146664
4891,-0.010215
4892,0.132142
4893,0.236762
4894,0.234837
4895,0.146672
4896,0.012796
4897,-0.12691
4898,-0.227566
4899,-0.23427
4900,-0.153635
4901,-0.011329
4902,0.135517
4903,0.241208
4904,0.242079
4905,0.151095
4906,0.00903
4907,-0.134588
4908,-0.231186
4909,-0.23332
4910,-0.146651
4911,-0.005325
4912,0.140738
4913,0.240327
4914,0.239665
4915,0.148897
4916,0.007677
4917,-0.129694
4918,-0.228696
4919,-0.235058
4920,-0.152382
4921,-0.014035
4922,0.131337
4923,0.23683
4924,0.2337
4925,0.143977
4926,0.006569
4927,-0.133865
4928,-0.231222
4929,-0.233388
4930,-0.151354
4931,-0.013137
4932,0.135321
4933,0.23984
4934,0.234185
4935,0.145229
4936,0.015312
4937,-0.125187
4938,-0.230205
4939,-0.231826
4940,-0.145015
4941,-0.006053
4942,0.136275
4943,0.234647
4944,0.228152
4945,0.13376
4946,-0.003517
4947,-0.140138
4948,-0.244555
4949,-0.251324
4950,-0.169377
4951,-0.029903
4952,0.1137
4953,0.211803
4954,0.211414
4955,0.128914
4956,-0.002818
4957,-0.137101
4958,-0.229275
4959,-0.22699
4960,-0.139075
4961,0.006704
4962,0.159919
4963,0.260689
4964,0.249079
4965,0.157092
4966,0.019471
4967,-0.120653
4968,-0.224507
4969,-0.230961
4970,-0.145976
4971,-0.005073
4972,0.142072
4973,0.241105
4974,0.23266
4975,0.140225
4976,0.00482
4977,-0.133707
4978,-0.231346
4979,-0.236541
4980,-0.149974
4981,-0.003812
4982,0.144791
4983,0.246467
4984,0.239999
4985,0.145437
4986,0.002107
4987,-0.139121
4988,-0.23744
4989,-0.238588
4990,-0.148497
4991,-0.009951
4992,0.133371
4993,0.236861
4994,0.232515
4995,0.141127
4996,0.003197
4997,-0.136848
4998,-0.235143
4999,-0.234716
5000,-0.14621
5001,-0.006279
5002,0.136825
5003,0.235509
5004,0.229859
5005,0.138717
5006,7.9e-05
5007,-0.134325
5008,-0.230994
5009,-0.134716
5010,-0.235015
5011,-0.235266
5012,-0.145536
5013,-0.005817
5014,0.141037
5015,0.24095
5016,0.234284
5017,0.142195
5018,0.00478
5019,-0.135871
5020,-0.233248
5021,-0.232855
5022,-0.146529
5023,-0.007629
5024,0.138109
5025,0.237842
5026,0.229014
5027,0.137293
5028,-0.000175
5029,-0.139792
5030,-0.237093
5031,-0.236101
5032,-0.14578
5033,-0.0058
5034,0.139878
5035,0.240619
5036,0.233482
5037,0.140286
5038,0.002928
5039,-0.137082
5040,-0.231392
5041,-0.232736
5042,-0.147529
5043,-0.005757
5044,0.140412
5045,0.241373
5046,0.235122
5047,0.138849
5048,-0.000334
5049,-0.138555
5050,-0.23595
5051,-0.23246
5052,-0.145099
5053,-0.006678
5054,0.13983
5055,0.243271
5056,0.237599
5057,0.145402
5058,0.004076
5059,-0.136145
5060,-0.233755
5061,-0.233414
5062,-0.14321
5063,-0.002671
5064,0.141168
5065,0.241362
5066,0.233807
5067,0.137414
5068,-0.00319
5069,-0.139128
5070,-0.23393
5071,-0.235263
5072,-0.144112
5073,-0.003122
5074,0.140173
5075,0.239818
5076,0.225214
5077,0.136043
5078,0.000651
5079,-0.136673
5080,-0.232295
5081,-0.2329
5082,-0.143568
5083,-0.001439
5084,0.144689
5085,0.241063
5086,0.233971
5087,0.14012
5088,0.0022
5089,-0.135147
5090,-0.231594
5091,-0.231783
5092,-0.142464
5093,-0.003208
5094,0.141161
5095,0.241972
5096,0.231451
5097,0.13751
5098,-0.000366
5099,-0.136929
5100,-0.232307
5101,-0.230777
5102,-0.142736
5103,-0.003522
5104,0.143696
5105,0.241442
5106,0.23241
5107,0.14089
5108,0.000241
5109,-0.13923
5110,-0.233704
5111,-0.232681
5112,-0.142298
5113,-0.005727
5114,0.139264
5115,0.244336
5116,0.234454
5117,0.135512
5118,-0.001676
5119,-0.138513
5120,-0.237147
5121,-0.234338
5122,-0.141028
5123,0.001379
5124,0.14281
5125,0.239562
5126,0.230927
5127,0.137495
5128,0.002023
5129,-0.135826
5130,-0.234865
5131,-0.234013
5132,-0.142536
5133,-0.001018
5134,0.144468
5135,0.241425
5136,0.230456
5137,0.136178
5138,-0.002872
5139,-0.141006
5140,-0.234778
5141,-0.23158
5142,-0.141783
5143,0.000698
5144,0.146512
5145,0.241944
5146,0.229872
5147,0.13306
5148,-0.004038
5149,-0.140132
5150,-0.23212
5151,-0.227438
5152,-0.13805
5153,0.001049
5154,0.144775
5155,0.241132
5156,0.232028
5157,0.139394
5158,-0.001263
5159,-0.142698
5160,-0.238262
5161,-0.236728
5162,-0.143418
5163,-0.001915
5164,0.138602
5165,0.238409
5166,0.230178
5167,0.135572
5168,-0.003549
5169,-0.142969
5170,-0.23673
5171,-0.231603
5172,-0.135788
5173,0.006065
5174,0.143212
5175,0.238481
5176,0.228142
5177,0.135347
5178,-0.00369
5179,-0.147519
5180,-0.242826
5181,-0.232114
5182,-0.136235
5183,0.006765
5184,0.150227
5185,0.242089
5186,0.226894
5187,0.132159
5188,-0.002856
5189,-0.142088
5190,-0.23399
5191,-0.226839
5192,-0.138302
5193,0.000656
5194,0.148245
5195,0.242427
5196,0.226012
5197,0.129398
5198,-0.007714
5199,-0.145259
5200,-0.238254
5201,-0.230612
5202,-0.136782
5203,0.001928
5204,0.143134
5205,0.236593
5206,0.228516
5207,0.133513
5208,-0.006443
5209,-0.144455
5210,-0.236554
5211,-0.233115
5212,-0.143336
5213,0.002896
5214,0.158239
5215,0.254697
5216,0.236298
5217,0.132681
5218,-0.006761
5219,-0.139561
5220,-0.231644
5221,-0.230036
5222,-0.142048
5223,-0.001435
5224,0.145153
5225,0.240532
5226,0.228417
5227,0.131589
5228,-0.006731
5229,-0.146933
5230,-0.237094
5231,-0.230626
5232,-0.138254
5233,0.002769
5234,0.148782
5235,0.243143
5236,0.228294
5237,0.13201
5238,-0.002111
5239,-0.140244
5240,-0.235148
5241,-0.234162
5242,-0.145518
5243,0.000749
5244,0.146283
5245,0.241723
5246,0.229772
5247,0.130943
5248,-0.008035
5249,-0.143288
5250,-0.233258
5251,-0.228118
5252,-0.136173
5253,0.006507
5254,0.151884
5255,0.24641
5256,0.232673
5257,0.135317
5258,-0.004597
5259,-0.143883
5260,-0.237442
5261,-0.232345
5262,-0.138667
5263,0.002151
5264,0.147768
5265,0.245849
5266,0.231206
5267,0.131724
5268,-0.009159
5269,-0.147337
5270,-0.238742
5271,-0.228216
5272,-0.132082
5273,0.003436
5274,0.149488
5275,0.251239
5276,0.237357
5277,0.133605
5278,-0.007561
5279,-0.143447
5280,-0.233942
5281,-0.227608
5282,-0.138858
5283,-0.000231
5284,0.146077
5285,0.240713
5286,0.226064
5287,0.131015
5288,-0.008958
5289,-0.148847
5290,-0.242274
5291,-0.233613
5292,-0.13822
5293,0.003238
5294,0.14808
5295,0.239048
5296,0.223485
5297,0.12978
5298,-0.007408
5299,-0.14465
5300,-0.234405
5301,-0.2289
5302,-0.134531
5303,0.008723
5304,0.154154
5305,0.244709
5306,0.223474
5307,0.122106
5308,-0.01892
5309,-0.161689
5310,-0.257012
5311,-0.250636
5312,-0.15584
5313,-0.016914
5314,0.124868
5315,0.21994
5316,0.210943
5317,0.12237
5318,-0.009699
5319,-0.142081
5320,-0.231257
5321,-0.221869
5322,-0.119498
5323,0.026326
5324,0.169932
5325,0.266674
5326,0.250576
5327,0.150662
5328,0.009049
5329,-0.133343
5330,-0.230095
5331,-0.227972
5332,-0.133136
5333,0.008627
5334,0.149966
5335,0.240459
5336,0.226649
5337,0.127333
5338,-0.012131
5339,-0.151806
5340,-0.237702
5341,-0.225541
5342,-0.131769
5343,0.009873
5344,0.152691
5345,0.243482
5346,0.227239
5347,0.132108
5348,-0.002474
5349,-0.144626
5350,-0.238823
5351,-0.229934
5352,-0.133954
5353,0.007108
5354,0.15004
5355,0.241728
5356,0.229968
5357,0.132061
5358,-0.008391
5359,-0.146934
5360,-0.240745
5361,-0.2346
5362,-0.132189
5363,0.012285
5364,0.151045
5365,0.242128
5366,0.227771
5367,0.129709
5368,-0.012633
5369,-0.147981
5370,-0.233723
5371,-0.228835
5372,-0.138283
5373,0.003668
5374,0.148501
5375,0.241805
5376,0.225303
5377,0.127449
5378,-0.011308
5379,-0.150456
5380,-0.242022
5381,-0.233009
5382,-0.138698
5383,0.006641
5384,0.155238
5385,0.249071
5386,0.232859
5387,0.12999
5388,-0.015137
5389,-0.152383
5390,-0.239182
5391,-0.2263
5392,-0.129629
5393,0.008586
5394,0.151778
5395,0.239371
5396,0.219304
5397,0.12108
5398,-0.014919
5399,-0.150345
5400,-0.240051
5401,-0.229454
5402,-0.132841
5403,0.004021
5404,0.147784
5405,0.243652
5406,0.229124
5407,0.133384
5408,-0.010311
5409,-0.155174
5410,-0.244044
5411,-0.233779
5412,-0.131955
5413,0.012817
5414,0.15612
5415,0.24455
5416,0.226326
5417,0.127171
5418,-0.012644
5419,-0.151793
5420,-0.240267
5421,-0.227955
5422,-0.134525
5423,0.007786
5424,0.153367
5425,0.242734
5426,0.219879
5427,0.123076
5428,-0.010288
5429,-0.144108
5430,-0.236488
5431,-0.22751
5432,-0.132651
5433,0.011089
5434,0.22501
5435,0.124986
5436,-0.014929
5437,-0.149027
5438,-0.234464
5439,-0.226334
5440,-0.131366
5441,0.012385
5442,0.155986
5443,0.247959
5444,0.228358
5445,0.126202
5446,-0.009423
5447,-0.145396
5448,-0.236557
5449,-0.226854
5450,-0.128477
5451,0.012446
5452,0.155362
5453,0.244118
5454,0.226902
5455,0.125864
5456,-0.015725
5457,-0.150586
5458,-0.235344
5459,-0.227307
5460,-0.131913
5461,0.011449
5462,0.156371
5463,0.249285
5464,-0.238233
5465,-0.131472
5466,0.013184
5467,0.157758
5468,0.246973
5469,0.226322
5470,0.124689
5471,-0.012476
5472,-0.149469
5473,-0.233971
5474,-0.220887
5475,-0.127224
5476,0.013831
5477,0.157891
5478,0.245965
5479,0.22592
5480,0.121409
5481,-0.019958
5482,-0.155237
5483,-0.239906
5484,-0.227494
5485,-0.131217
5486,0.010141
5487,0.158016
5488,0.247141
5489,0.227877
5490,0.128411
5491,-0.011999
5492,-0.151835
5493,-0.240108
5494,0.224786
5495,0.12035
5496,-0.01944
5497,-0.151307
5498,-0.235075
5499,-0.227937
5500,-0.133626
5501,0.013633
5502,0.162113
5503,0.250742
5504,0.226836
5505,0.12122
5506,-0.016401
5507,-0.150704
5508,-0.237302
5509,-0.224088
5510,-0.1269
5511,0.016069
5512,0.157124
5513,0.24178
5514,0.221134
5515,0.122676
5516,-0.016256
5517,-0.158388
5518,-0.240561
5519,-0.223791
5520,-0.122109
5521,0.018726
5522,0.160803
5523,0.246007
5524,0.225972
5525,0.122028
5526,-0.019041
5527,-0.155426
5528,-0.241153
5529,-0.228682
5530,-0.129246
5531,0.013406
5532,0.157302
5533,0.244169
5534,0.223197
5535,0.120713
5536,-0.016326
5537,-0.15391
5538,-0.241574
5539,-0.227079
5540,-0.125698
5541,0.019067
5542,0.16169
5543,0.243757
5544,0.221773
5545,0.123052
5546,-0.015302
5547,-0.155128
5548,-0.241471
5549,-0.225383
5550,-0.125976
5551,0.016078
5552,0.158361
5553,0.240597
5554,0.218555
5555,0.11514
5556,-0.022855
5557,-0.158743
5558,-0.242631
5559,-0.228308
5560,-0.12791
5561,0.014917
5562,0.159373
5563,0.248726
5564,0.227895
5565,0.122603
5566,-0.021078
5567,-0.157592
5568,-0.240194
5569,-0.223747
5570,-0.126263
5571,0.014311
5572,0.158332
5573,0.243244
5574,0.221094
5575,0.118148
5576,-0.021488
5577,-0.158592
5578,-0.244009
5579,-0.226181
5580,-0.122905
5581,0.022086
5582,0.162009
5583,0.241284
5584,0.222505
5585,0.125385
5586,-0.011247
5587,-0.151119
5588,-0.237211
5589,-0.223919
5590,-0.124479
5591,0.018542
5592,0.16836
5593,0.254467
5594,0.226527
5595,0.117957
5596,-0.027693
5597,-0.162609
5598,-0.240342
5599,-0.226344
5600,-0.129279
5601,0.018894
5602,0.165549
5603,0.248608
5604,0.223094
5605,0.120842
5606,-0.014955
5607,-0.153947
5608,-0.238664
5609,-0.223601
5610,-0.121458
5611,0.019938
5612,0.164077
5613,0.250179
5614,0.225214
5615,0.118886
5616,-0.023761
5617,-0.159563
5618,-0.243671
5619,-0.226468
5620,-0.122213
5621,0.020238
5622,0.160417
5623,0.240837
5624,0.214195
5625,0.11202
5626,-0.032591
5627,-0.176783
5628,-0.263157
5629,-0.248784
5630,-0.147808
5631,-0.005884
5632,0.140771
5633,0.230132
5634,0.208886
5635,0.114137
5636,-0.017508
5637,-0.147534
5638,-0.227987
5639,-0.213762
5640,-0.10958
5641,0.037422
5642,0.181105
5643,0.263403
5644,0.240489
5645,0.13651
5646,-0.007736
5647,-0.148524
5648,-0.236694
5649,-0.22314
5650,-0.122262
5651,0.018681
5652,0.159557
5653,0.242417
5654,0.219319
5655,0.116864
5656,-0.022111
5657,-0.152999
5658,-0.235505
5659,-0.22636
5660,-0.125834
5661,0.01915
5662,0.163582
5663,0.243847
5664,0.21708
5665,0.115133
5666,-0.021938
5667,-0.158337
5668,-0.242287
5669,-0.223288
5670,-0.120689
5671,0.020302
5672,0.162486
5673,0.24764
5674,0.225586
5675,0.122507
5676,-0.020483
5677,-0.159921
5678,-0.240518
5679,-0.219741
5680,-0.120391
5681,0.019753
5682,0.160932
5683,0.241403
5684,0.21724
5685,0.11747
5686,-0.02274
5687,-0.156269
5688,-0.23441
5689,-0.218857
5690,-0.122989
5691,0.016947
5692,0.154272
5693,0.240595
5694,0.218611
5695,0.112072
5696,-0.025383
5697,-0.159053
5698,-0.239114
5699,-0.215315
5700,-0.110879
5701,0.027048
5702,0.15998
5703,0.239432
5704,0.219911
5705,0.114456
5706,-0.02246
5707,-0.155949
5708,-0.240533
5709,-0.223749
5710,-0.120213
5711,0.020606
5712,0.161115
5713,0.242356
5714,0.21414
5715,0.110516
5716,-0.025762
5717,-0.162833
5718,-0.242039
5719,-0.223339
5720,-0.121556
5721,0.023894
5722,0.166336
5723,0.252062
5724,0.226949
5725,0.114451
5726,-0.029227
5727,-0.162221
5728,-0.24201
5729,-0.222759
5730,-0.122015
5731,0.025449
5732,0.168789
5733,0.250179
5734,0.219009
5735,0.103014
5736,-0.034447
5737,-0.160475
5738,-0.239789
5739,-0.224807
5740,-0.117293
5741,0.029856
5742,0.170198
5743,0.24898
5744,0.221029
5745,0.11143
5746,-0.030334
5747,-0.165662
5748,-0.243914
5749,-0.222782
5750,-0.118172
5751,0.027329
5752,0.171137
5753,0.248636
5754,0.219773
5755,0.115037
5756,-0.02701
5757,-0.164023
5758,-0.239876
5759,-0.218844
5760,-0.115909
5761,0.027158
5762,0.166044
5763,0.245104
5764,0.219678
5765,0.116114
5766,-0.021403
5767,-0.16448
5768,-0.24443
5769,-0.220351
5770,-0.115038
5771,0.025626
5772,0.168469
5773,0.248079
5774,0.218752
5775,0.110514
5776,-0.027877
5777,-0.161527
5778,-0.240745
5779,-0.217213
5780,-0.111359
5781,0.030353
5782,0.167886
5783,0.244251
5784,0.218786
5785,0.113345
5786,-0.025134
5787,-0.15872
5788,-0.239097
5789,-0.22435
5790,-0.121096
5791,0.021265
5792,0.16093
5793,0.244245
5794,0.22026
5795,0.112564
5796,-0.026316
5797,-0.160894
5798,-0.239586
5799,-0.220437
5800,-0.121312
5801,0.02284
5802,0.166032
5803,0.245075
5804,0.218349
5805,0.116954
5806,-0.019618
5807,-0.157367
5808,-0.239994
5809,-0.22011
5810,-0.114192
5811,0.028396
5812,0.168262
5813,0.244705
5814,0.214749
5815,0.111753
5816,-0.025696
5817,-0.163473
5818,-0.244759
5819,-0.220594
5820,-0.119594
5821,0.025808
5822,0.175013
5823,0.255134
5824,0.225638
5825,0.114729
5826,-0.029888
5827,-0.16419
5828,-0.24026
5829,-0.220188
5830,-0.117771
5831,0.027515
5832,0.171535
5833,0.244862
5834,0.214817
5835,0.108636
5836,-0.03053
5837,-0.166702
5838,-0.244515
5839,-0.22307
5840,-0.118229
5841,0.026092
5842,0.168515
5843,0.244735
5844,0.221228
5845,0.114971
5846,-0.026121
5847,-0.159835
5848,-0.237856
5849,-0.21967
5850,-0.11603
5851,0.025947
5852,0.168956
5853,0.250102
5854,0.220099
5855,0.10915
5856,-0.028217
5857,-0.165142
5858,-0.250319
5859,-0.226364
5860,-0.117691
5861,0.024581
5862,0.164426
5863,0.246424
5864,0.21935
5865,0.110607
5866,-0.028994
5867,-0.165896
5868,-0.24318
5869,-0.220466
5870,-0.115264
5871,0.028077
5872,0.168661
5873,0.246599
5874,0.220009
5875,0.114323
5876,-0.026485
5877,-0.164007
5878,-0.245782
5879,-0.225312
5880,-0.116274
5881,0.027155
5882,0.168115
5883,0.247374
5884,0.219091
5885,0.108076
5886,-0.031286
5887,-0.16304
5888,-0.23986
5889,-0.221175
5890,-0.115523
5891,0.029234
5892,0.168855
5893,0.247273
5894,0.220164
5895,0.110681
5896,-0.02978
5897,-0.160761
5898,-0.236079
5899,-0.222361
5900,-0.119814
5901,0.029801
5902,0.174092
5903,0.252169
5904,0.221559
5905,0.109145
5906,-0.033601
5907,-0.166601
5908,-0.244204
5909,-0.222802
5910,-0.114538
5911,0.028734
5912,0.173374
5913,0.252864
5914,0.223555
5915,0.111278
5916,-0.029764
5917,-0.162228
5918,-0.239115
5919,-0.216237
5920,-0.111808
5921,0.02642
5922,0.166241
5923,0.245415
5924,0.215989
5925,0.107844
5926,-0.032662
5927,-0.168328
5928,-0.242299
5929,-0.218513
5930,-0.11282
5931,0.029166
5932,0.17028
5933,0.246299
5934,0.21852
5935,0.109195
5936,-0.030122
5937,-0.163321
5938,-0.241122
5939,-0.221185
5940,-0.117184
5941,0.026044
5942,0.168534
5943,0.243866
5944,0.216211
5945,0.108194
5946,-0.034091
5947,-0.166628
5948,-0.239307
5949,-0.218044
5950,-0.113348
5951,0.026016
5952,0.162306
5953,0.236699
5954,0.211041
5955,0.105888
5956,-0.029883
5957,-0.158846
5958,-0.235547
5959,-0.216633
5960,-0.111913
5961,0.032061
5962,0.174284
5963,0.245676
5964,0.213162
5965,0.102626
5966,-0.036313
5967,-0.168096
5968,-0.242593
5969,-0.216674
5970,-0.10989
5971,0.03145
5972,0.170414
5973,0.246983
5974,0.217242
5975,0.109345
5976,-0.032538
5977,-0.172245
5978,-0.242125
5979,-0.211554
5980,-0.108872
5981,0.034415
5982,0.174801
5983,0.246358
5984,0.214706
5985,0.10582
5986,-0.034049
5987,-0.168803
5988,-0.241987
5989,-0.218014
5990,-0.109558
5991,0.029428
5992,0.171738
5993,0.244794
5994,0.212745
5995,0.102524
5996,-0.037067
5997,-0.168987
5998,-0.242287
5999,-0.217524
6000,-0.107361
6001,0.038043
6002,0.174031
6003,0.250104
6004,0.219063
6005,0.108956
6006,-0.032868
6007,-0.163728
6008,-0.2348
6009,-0.21911
6010,-0.117293
6011,0.023324
6012,0.163767
6013,0.23631
6014,0.198358
6015,0.089431
6016,-0.047357
6017,-0.185471
6018,-0.262454
6019,-0.241806
6020,-0.135334
6021,0.013287
6022,0.160741
6023,0.240962
6024,0.219885
6025,0.112571
6026,-0.027462
6027,-0.158083
6028,-0.222796
6029,-0.191842
6030,-0.089008
6031,0.053939
6032,0.196206
6033,0.268363
6034,0.227834
6035,0.114025
6036,-0.033947
6037,-0.169797
6038,-0.242282
6039,-0.215291
6040,-0.105673
6041,0.032072
6042,0.166877
6043,0.241755
6044,0.217406
6045,0.110014
6046,-0.031543
6047,-0.164495
6048,-0.240273
6049,-0.218393
6050,-0.111571
6051,0.036388
6052,0.177896
6053,0.251117
6054,0.21703
6055,0.105237
6056,-0.037992
6057,-0.173088
6058,-0.245488
6059,-0.22035
6060,-0.113289
6061,0.032441
6062,0.173166
6063,0.245224
6064,0.208209
6065,0.101089
6066,-0.037657
6067,-0.173665
6068,-0.247198
6069,-0.219777
6070,-0.112101
6071,0.033237
6072,0.178663
6073,0.257206
6074,0.220954
6075,0.105184
6076,-0.036363
6077,-0.171056
6078,-0.247668
6079,-0.222746
6080,-0.114166
6081,0.029896
6082,0.172842
6083,0.246867
6084,0.215766
6085,0.10634
6086,-0.036111
6087,-0.173064
6088,-0.243702
6089,-0.217598
6090,-0.108457
6091,0.034708
6092,0.175496
6093,0.249392
6094,0.217803
6095,0.103453
6096,-0.04059
6097,-0.175144
6098,-0.241714
6099,-0.214395
6100,-0.108799
6101,0.032418
6102,0.171937
6103,0.249237
6104,0.217545
6105,0.106148
6106,-0.037341
6107,-0.175065
6108,-0.250199
6109,-0.221061
6110,-0.112666
6111,0.031344
6112,0.173789
6113,0.24964
6114,0.216561
6115,0.103844
6116,-0.037261
6117,-0.16918
6118,-0.241635
6119,-0.215773
6120,-0.105347
6121,0.036771
6122,0.176646
6123,0.247889
6124,0.211722
6125,0.102456
6126,-0.039216
6127,-0.171952
6128,-0.242679
6129,-0.218375
6130,-0.111153
6131,0.031747
6132,0.172323
6133,0.248181
6134,0.217066
6135,0.10419
6136,-0.036274
6137,-0.168448
6138,-0.23569
6139,-0.211464
6140,-0.107321
6141,0.03502
6142,0.1803
6143,0.253
6144,0.216382
6145,0.104758
6146,-0.035435
6147,-0.171064
6148,-0.243563
6149,-0.214816
6150,-0.104429
6151,0.038619
6152,0.173627
6153,0.242403
6154,0.214024
6155,0.109943
6156,-0.033309
6157,-0.169921
6158,-0.240691
6159,-0.216267
6160,-0.107682
6161,0.038689
6162,0.180023
6163,0.248744
6164,0.210215
6165,0.100214
6166,-0.037318
6167,-0.173856
6168,-0.246928
6169,-0.218024
6170,-0.106723
6171,0.032194
6172,0.171873
6173,0.245613
6174,0.214207
6175,0.102059
6176,-0.036133
6177,-0.169642
6178,-0.243042
6179,-0.215668
6180,-0.103015
6181,0.038999
6182,0.176256
6183,0.249095
6184,0.215741
6185,0.10536
6186,-0.039335
6187,-0.182249
6188,-0.250926
6189,-0.220048
6190,-0.107687
6191,0.03663
6192,0.247941
6193,0.212782
6194,0.099287
6195,-0.038021
6196,-0.166233
6197,-0.238262
6198,-0.215613
6199,-0.104278
6200,0.040027
6201,0.178767
6202,0.250776
6203,0.213914
6204,0.099865
6205,-0.039749
6206,-0.170956
6207,-0.245322
6208,-0.219565
6209,-0.106917
6210,0.039032
6211,0.179029
6212,0.248219
6213,0.211198
6214,0.097003
6215,-0.042171
6216,-0.173314
6217,-0.243787
6218,-0.217243
6219,-0.10583
6220,0.037499
6221,0.17865
6222,-0.243699
6223,-0.220093
6224,-0.105245
6225,0.041463
6226,0.177437
6227,0.245486
6228,0.213087
6229,0.100088
6230,-0.040147
6231,-0.172927
6232,-0.23658
6233,-0.208525
6234,-0.102609
6235,0.03844
6236,0.178172
6237,0.248917
6238,0.213927
6239,0.103391
6240,-0.03624
6241,-0.169574
6242,-0.242949
6243,-0.218437
6244,-0.110127
6245,0.036409
6246,0.178451
6247,0.248794
6248,0.213444
6249,0.102852
6250,-0.037747
6251,-0.17122
6252,-0.244149
6253,-0.218781
6254,-0.106445
6255,0.037969
6256,0.182387
6257,0.250441
6258,0.208939
6259,0.093834
6260,-0.045011
6261,-0.178005
6262,-0.245249
6263,-0.216259
6264,-0.107273
6265,0.035635
6266,0.175969
6267,0.243064
6268,0.20827
6269,0.09522
6270,-0.043288
6271,-0.174381
6272,-0.24337
6273,-0.212434
6274,-0.09874
6275,0.042397
6276,0.182006
6277,0.248869
6278,0.208913
6279,0.09631
6280,-0.040073
6281,-0.174578
6282,-0.246737
6283,-0.215086
6284,-0.104394
6285,0.039069
6286,0.179116
6287,0.247751
6288,0.212418
6289,0.10307
6290,-0.035498
6291,-0.170518
6292,-0.241263
6293,-0.211749
6294,-0.101209
6295,0.042191
