time_s,EMG1_mV,EMG2_mV,AX_g,AY_g,AZ_g,GX_dps,GY_dps,GZ_dps
151.62,-0.011076,-0.018638,0.029,0.98,0.289,-0.18,-0.24,-0.3
151.625,0.549725,-0.016144,0.03,0.98,0.29,-0.24,-0.37,-0.3
151.63,1.101003,-0.014101,0.03,0.98,0.29,-0.24,-0.37,-0.3
151.635,-6.139837,25.275747,0.032,0.981,0.291,-0.18,-0.37,-0.18
151.64,-0.008011,-0.002616,0.032,0.981,0.291,-0.18,-0.37,-0.18
151.645,-0.004864,-0.005068,0.031,0.98,0.289,-0.3,-0.3,-0.18
151.65,1.758793,-0.004414,0.031,0.98,0.289,-0.3,-0.3,-0.18
151.655,0.627708,27.867428,0.03,0.982,0.289,-0.24,-0.37,-0.24
151.66,-0.004169,0.092452,0.03,0.982,0.289,-0.24,-0.37,-0.24
151.665,0.000981,-0.013529,0.031,0.981,0.289,-0.24,-0.37,-0.3
151.67,58.794922,-0.015368,0.031,0.981,0.289,-0.24,-0.37,-0.3
151.675,12.801443,12.615232,0.031,0.982,0.289,-0.18,-0.3,-0.3
151.68,-0.012629,-0.0244,0.031,0.982,0.289,-0.18,-0.3,-0.3
151.685,-0.012548,-0.016717,0.03,0.982,0.289,-0.18,-0.37,-0.3
151.69,25.441851,-0.017289,0.03,0.982,0.289,-0.18,-0.37,-0.3
151.695,54.821941,0.376756,0.031,0.98,0.29,-0.24,-0.37,-0.37
151.7,-0.007684,-0.016349,0.031,0.98,0.29,-0.24,-0.37,-0.37
151.705,-0.009605,-0.018065,0.03,0.981,0.29,-0.3,-0.37,-0.3
151.71,14.708928,-0.014428,0.03,0.981,0.29,-0.3,-0.37,-0.3
151.715,35.600037,0.440925,0.03,0.982,0.291,-0.12,-0.3,-0.3
151.72,0.000817,1.508004,0.03,0.982,0.291,-0.12,-0.3,-0.3
151.725,-0.003965,-0.017616,0.032,0.981,0.288,-0.24,-0.24,-0.3
151.73,19.836536,-0.011281,0.032,0.981,0.288,-0.24,-0.24,-0.3
151.735,24.418095,0.366865,0.029,0.982,0.288,-0.3,-0.3,-0.3
151.74,-0.005436,18.836731,0.029,0.982,0.288,-0.3,-0.3,-0.3
151.745,-0.005886,-0.018842,0.03,0.98,0.288,-0.3,-0.3,-0.24
151.75,0.000572,-0.014223,0.03,0.98,0.288,-0.3,-0.3,-0.24
151.755,2.322987,0.000654,0.03,0.981,0.291,-0.12,-0.24,-0.3
151.76,0.012425,6.893676,0.03,0.981,0.291,-0.12,-0.24,-0.3
151.765,-0.001921,-0.000245,0.03,0.982,0.289,-0.12,-0.3,-0.24
151.77,-0.004741,-0.006785,0.03,0.982,0.289,-0.12,-0.3,-0.24
151.775,17.586544,-0.006989,0.028,0.981,0.288,-0.24,-0.3,-0.37
151.78,-0.005313,9.639522,0.028,0.981,0.288,-0.24,-0.3,-0.37
151.785,-0.00282,-0.021539,0.032,0.981,0.289,-0.37,-0.3,-0.37
151.79,59.201599,-0.022234,0.032,0.981,0.289,-0.37,-0.3,-0.37
151.795,63.814224,-0.014428,0.031,0.983,0.293,-0.24,-0.3,-0.24
151.8,0.003597,41.538788,0.031,0.983,0.293,-0.24,-0.3,-0.24
151.805,-0.002493,-0.008256,0.03,0.98,0.291,-0.24,-0.3,-0.24
151.81,58.030537,-0.008011,0.03,0.98,0.291,-0.24,-0.3,-0.24
151.815,57.639397,-0.00846,0.031,0.979,0.288,-0.37,-0.3,-0.18
151.82,0.002861,51.786068,0.031,0.979,0.288,-0.37,-0.3,-0.18
151.825,0.002125,-0.018188,0.031,0.979,0.288,-0.37,-0.3,-0.18
151.83,0.038501,-0.02203,0.03,0.981,0.287,-0.3,-0.37,-0.24
151.835,30.799812,-0.016267,0.03,0.981,0.287,-0.3,-0.37,-0.24
151.84,-0.00846,46.218029,0.03,0.98,0.287,-0.3,-0.49,-0.24
151.845,-0.010054,-0.010259,0.03,0.98,0.287,-0.3,-0.49,-0.24
151.85,-0.008583,-0.017289,0.029,0.981,0.288,-0.24,-0.3,-0.3
151.855,3.040941,-0.018842,0.029,0.981,0.288,-0.24,-0.3,-0.3
151.86,0.001144,42.041588,0.03,0.981,0.29,-0.24,-0.37,-0.3
151.865,-0.000572,-0.007561,0.03,0.981,0.29,-0.24,-0.37,-0.3
151.87,-0.003147,-0.006866,0.03,0.981,0.292,-0.3,-0.37,-0.24
151.875,5.797822,-0.009033,0.03,0.981,0.292,-0.3,-0.37,-0.24
151.88,1.352201,35.417259,0.032,0.979,0.291,-0.18,-0.3,-0.24
151.885,-0.006866,-0.017493,0.032,0.979,0.291,-0.18,-0.3,-0.24
151.89,-0.013529,-0.020436,0.03,0.98,0.29,-0.18,-0.3,-0.37
151.895,27.142117,-0.016717,0.03,0.98,0.29,-0.18,-0.3,-0.37
151.9,15.781321,18.76635,0.032,0.98,0.289,-0.24,-0.3,-0.3
151.905,-0.000327,-0.020109,0.032,0.98,0.289,-0.24,-0.3,-0.3
151.91,-0.000327,-0.018392,0.032,0.98,0.29,-0.24,-0.43,-0.3
151.915,46.061489,-0.016349,0.032,0.98,0.29,-0.24,-0.43,-0.3
151.92,28.838621,19.166485,0.031,0.981,0.29,-0.12,-0.37,-0.3
151.925,-0.007888,-0.020763,0.031,0.981,0.29,-0.12,-0.37,-0.3
151.93,-0.013651,-0.016144,0.031,0.978,0.289,-0.3,-0.43,-0.3
151.935,56.131065,-0.018515,0.031,0.978,0.289,-0.3,-0.43,-0.3
151.94,45.958412,18.595669,0.031,0.979,0.291,-0.24,-0.43,-0.24
151.945,-0.00045,-0.00327,0.031,0.979,0.291,-0.24,-0.43,-0.24
151.95,0.001226,-0.004414,0.032,0.979,0.292,-0.24,-0.37,-0.24
151.955,18.673325,-0.00564,0.032,0.979,0.292,-0.24,-0.37,-0.24
151.96,61.106136,27.043535,0.029,0.98,0.289,-0.24,-0.3,-0.18
151.965,-0.012875,0.097193,0.029,0.98,0.289,-0.24,-0.3,-0.18
151.97,-0.00609,-0.018065,0.031,0.982,0.29,-0.12,-0.37,-0.24
151.975,2.508054,-0.019291,0.031,0.982,0.29,-0.12,-0.37,-0.24
151.98,-0.004741,19.66095,0.03,0.98,0.291,-0.24,-0.37,-0.24
151.985,-0.008256,0.318064,0.03,0.98,0.291,-0.24,-0.37,-0.24
151.99,-0.010831,-0.01782,0.029,0.979,0.289,-0.24,-0.24,-0.18
151.995,26.240322,-0.01545,0.029,0.979,0.289,-0.24,-0.24,-0.18
152.0,26.864761,-0.003515,0.031,0.982,0.291,-0.24,-0.37,-0.24
152.005,-0.012302,0.059264,0.031,0.982,0.291,-0.24,-0.37,-0.24
152.01,-0.009809,-0.01455,0.029,0.981,0.292,-0.18,-0.43,-0.24
152.015,37.57357,-0.019414,0.029,0.981,0.292,-0.18,-0.43,-0.24
152.02,42.619598,0.057874,0.03,0.98,0.291,-0.18,-0.3,-0.3
152.025,-0.00891,3.768866,0.03,0.98,0.291,-0.18,-0.3,-0.3
152.03,-0.008011,-0.019087,0.029,0.983,0.286,-0.37,-0.37,-0.3
152.035,58.554432,-0.016594,0.029,0.983,0.286,-0.37,-0.37,-0.3
152.04,53.024403,0.062861,0.03,0.982,0.29,-0.24,-0.37,-0.24
152.045,-0.004046,-11.005416,0.03,0.982,0.29,-0.24,-0.37,-0.24
152.05,-0.001144,-0.017616,0.031,0.981,0.293,-0.12,-0.37,-0.3
152.055,0.01594,-0.022806,0.031,0.981,0.293,-0.12,-0.37,-0.3
152.06,31.87858,0.005722,0.032,0.98,0.289,-0.24,-0.37,-0.3
152.065,-0.008583,7.322093,0.032,0.98,0.289,-0.24,-0.37,-0.3
152.07,-0.010954,-0.018065,0.031,0.98,0.292,-0.3,-0.37,-0.3
152.075,-0.007357,-0.015817,0.031,0.98,0.292,-0.3,-0.37,-0.3
152.08,4.666328,-0.013896,0.031,0.979,0.29,-0.18,-0.3,-0.18
152.085,0.003188,6.978607,0.031,0.979,0.29,-0.18,-0.3,-0.18
152.09,-0.002371,-0.003392,0.029,0.979,0.291,-0.18,-0.24,-0.24
152.095,-0.004986,-0.009809,0.029,0.979,0.291,-0.18,-0.24,-0.24
152.1,21.566229,-0.006417,0.03,0.981,0.288,-0.24,-0.3,-0.24
152.105,11.643954,44.597954,0.03,0.981,0.288,-0.24,-0.3,-0.24
152.11,-0.01173,-0.006335,0.033,0.981,0.289,-0.24,-0.37,-0.43
152.115,-0.009482,-0.000245,0.033,0.981,0.289,-0.24,-0.37,-0.43
152.12,39.064816,-0.006417,0.03,0.981,0.289,-0.24,-0.43,-0.37
152.125,0.003842,58.61533,0.03,0.981,0.289,-0.24,-0.43,-0.37
152.13,-0.00045,-0.018719,0.031,0.981,0.288,-0.18,-0.37,-0.3
152.135,54.130314,-0.016267,0.031,0.981,0.288,-0.18,-0.37,-0.3
152.14,50.34951,-0.01218,0.03,0.98,0.29,-0.18,-0.37,-0.37
152.145,0.000572,48.764748,0.03,0.98,0.29,-0.18,-0.37,-0.37
152.15,0.002698,-0.019741,0.03,0.98,0.289,-0.18,-0.37,-0.3
152.155,0.052398,-0.015572,0.03,0.98,0.289,-0.18,-0.37,-0.3
152.16,1.489285,-0.017943,0.029,0.981,0.289,-0.12,-0.3,-0.3
152.165,-0.002371,44.054688,0.029,0.981,0.289,-0.12,-0.3,-0.3
152.17,-0.001921,-0.016349,0.031,0.98,0.29,-0.24,-0.37,-0.24
152.175,-0.004046,-0.020191,0.031,0.98,0.29,-0.24,-0.37,-0.24
152.18,15.080371,-0.018638,0.031,0.981,0.29,-0.3,-0.3,-0.24
152.185,7.463919,45.686039,0.031,0.981,0.29,-0.3,-0.3,-0.24
152.19,-0.010381,-0.003065,0.032,0.981,0.29,-0.18,-0.3,-0.3
152.195,-0.014223,-0.007112,0.032,0.981,0.29,-0.18,-0.3,-0.3
152.2,17.184204,-0.007807,0.029,0.98,0.288,-0.18,-0.3,-0.12
152.205,15.427617,13.490214,0.029,0.98,0.288,-0.18,-0.3,-0.12
152.21,0.015041,-0.020763,0.03,0.98,0.29,-0.18,-0.37,-0.3
152.215,-0.003065,-0.016022,0.03,0.98,0.29,-0.18,-0.37,-0.3
152.22,64.441437,-0.014346,0.031,0.981,0.291,-0.24,-0.3,-0.24
152.225,50.88599,17.0275,0.031,0.981,0.291,-0.24,-0.3,-0.24
152.23,-0.008583,-0.017289,0.032,0.981,0.29,-0.18,-0.37,-0.24
152.235,-0.005967,-0.013896,0.032,0.981,0.29,-0.18,-0.37,-0.24
152.24,47.217098,-0.019414,0.029,0.981,0.291,-0.18,-0.43,-0.3
152.245,56.730736,17.2075,0.029,0.981,0.291,-0.18,-0.43,-0.3
152.25,-0.012425,0.001717,0.029,0.982,0.29,-0.24,-0.37,-0.3
152.255,-0.007684,-0.006989,0.029,0.982,0.29,-0.24,-0.37,-0.3
152.26,28.20895,-0.007561,0.031,0.98,0.29,-0.24,-0.3,-0.3
152.265,0.005967,35.74979,0.031,0.98,0.29,-0.24,-0.3,-0.3
152.27,-0.002125,0.000654,0.03,0.981,0.291,-0.12,-0.37,-0.3
152.275,-0.001144,-0.005967,0.03,0.981,0.291,-0.12,-0.37,-0.3
152.28,10.418211,-0.007684,0.03,0.98,0.29,-0.24,-0.37,-0.3
152.285,0.009973,9.447507,0.03,0.98,0.29,-0.24,-0.37,-0.3
152.29,8.2e-05,0.004169,0.03,0.981,0.288,-0.18,-0.3,-0.3
152.295,-0.000777,-0.007684,0.03,0.981,0.288,-0.18,-0.3,-0.3
152.3,44.603268,-0.00936,0.03,0.981,0.288,-0.18,-0.3,-0.3
152.305,36.563793,0.050926,0.032,0.982,0.289,-0.12,-0.3,-0.18
152.31,0.001798,5.640384,0.032,0.982,0.289,-0.12,-0.3,-0.18
152.315,-0.001144,-0.005313,0.032,0.981,0.289,-0.24,-0.3,-0.3
152.32,48.098537,-0.009033,0.032,0.981,0.289,-0.24,-0.3,-0.3
152.325,59.734238,0.023624,0.032,0.98,0.286,-0.24,-0.24,-0.24
152.33,-0.017943,7.297244,0.032,0.98,0.286,-0.24,-0.24,-0.24
152.335,-0.00936,-0.018065,0.03,0.981,0.292,-0.3,-0.37,-0.3
152.34,0.016349,-0.018188,0.03,0.981,0.292,-0.3,-0.37,-0.3
152.345,2.343014,0.011362,0.032,0.982,0.291,-0.24,-0.37,-0.3
152.35,-0.014223,8.495522,0.032,0.982,0.291,-0.24,-0.37,-0.3
152.355,-0.009605,-0.018188,0.028,0.981,0.287,-0.18,-0.3,-0.24
152.36,-0.011281,-0.021008,0.028,0.981,0.287,-0.18,-0.3,-0.24
152.365,12.735068,-0.009237,0.03,0.98,0.288,-0.3,-0.43,-0.24
152.37,8.066368,50.985886,0.03,0.98,0.288,-0.3,-0.43,-0.24
152.375,-0.003515,-0.018638,0.033,0.982,0.289,-0.3,-0.3,-0.3
152.38,-0.00609,-0.01737,0.033,0.982,0.289,-0.3,-0.3,-0.3
152.385,33.556694,-0.019659,0.032,0.981,0.29,-0.3,-0.37,-0.3
152.39,-0.00045,-131.859528,0.032,0.981,0.29,-0.3,-0.37,-0.3
152.395,-0.001144,-0.021008,0.031,0.982,0.291,-0.18,-0.43,-0.24
152.4,57.669399,-0.017943,0.031,0.982,0.291,-0.18,-0.43,-0.24
152.405,66.842407,-0.015368,0.029,0.979,0.29,-0.24,-0.3,-0.37
152.41,-0.006785,49.531338,0.029,0.979,0.29,-0.24,-0.3,-0.37
152.415,-0.008011,-0.00609,0.029,0.982,0.288,-0.24,-0.37,-0.3
152.42,32.347462,-0.004864,0.029,0.982,0.288,-0.24,-0.37,-0.3
152.425,40.53252,-0.010381,0.032,0.981,0.289,-0.18,-0.37,-0.3
152.43,-0.009809,48.0835,0.032,0.981,0.289,-0.18,-0.37,-0.3
152.435,-0.011158,-0.02346,0.031,0.98,0.291,-0.18,-0.43,-0.3
152.44,7.520812,-0.017289,0.031,0.98,0.291,-0.18,-0.43,-0.3
152.445,16.07707,-0.015695,0.033,0.981,0.29,-0.18,-0.37,-0.3
152.45,-0.000695,50.673294,0.033,0.981,0.29,-0.18,-0.37,-0.3
152.455,0.0,-0.005068,0.03,0.981,0.29,-0.37,-0.43,-0.24
152.46,-0.006417,-0.004864,0.03,0.981,0.29,-0.37,-0.43,-0.24
152.465,6.133052,-0.004496,0.032,0.98,0.289,-0.24,-0.37,-0.24
152.47,0.000327,48.277145,0.032,0.98,0.289,-0.24,-0.37,-0.24
152.475,-0.002943,-0.003719,0.03,0.979,0.291,-0.18,-0.37,-0.18
152.48,-0.002371,-0.005313,0.03,0.979,0.291,-0.18,-0.37,-0.18
152.485,39.111248,-0.008706,0.031,0.98,0.289,-0.18,-0.3,-0.24
152.49,-103.671661,46.52187,0.031,0.98,0.289,-0.18,-0.3,-0.24
152.495,-0.008787,-0.002493,0.03,0.981,0.29,-0.24,-0.3,-0.37
152.5,-0.006213,-0.010054,0.03,0.981,0.29,-0.24,-0.3,-0.37
152.505,18.330166,-0.009155,0.031,0.979,0.29,-0.43,-0.37,-0.3
152.51,0.033106,55.545536,0.031,0.979,0.29,-0.43,-0.37,-0.3
152.515,-0.010627,-0.00609,0.031,0.98,0.292,-0.24,-0.24,-0.3
152.52,-0.008706,-0.00609,0.031,0.98,0.292,-0.24,-0.24,-0.3
152.525,57.513432,-0.004292,0.03,0.98,0.291,-0.18,-0.24,-0.37
152.53,62.664249,6.033734,0.03,0.98,0.291,-0.18,-0.24,-0.37
152.535,-0.001471,-0.009155,0.032,0.979,0.288,-0.24,-0.3,-0.3
152.54,-0.002044,-0.007234,0.032,0.979,0.288,-0.24,-0.3,-0.3
152.545,24.985968,-0.009482,0.031,0.979,0.289,-0.3,-0.3,-0.3
152.55,-0.000899,18.983706,0.031,0.979,0.289,-0.3,-0.3,-0.3
152.555,-0.001022,0.360489,0.031,0.98,0.289,-0.3,-0.3,-0.3
152.56,0.892639,-0.018842,0.031,0.98,0.289,-0.3,-0.3,-0.3
152.565,1.057761,-0.012752,0.032,0.98,0.287,-0.24,-0.3,-0.24
152.57,0.059264,6.138938,0.032,0.98,0.287,-0.24,-0.3,-0.24
152.575,-0.007439,-0.01173,0.031,0.981,0.289,-0.24,-0.3,-0.3
152.58,-0.012057,-0.020109,0.031,0.981,0.289,-0.24,-0.3,-0.3
152.585,9.036173,-0.01545,0.029,0.981,0.291,-0.12,-0.3,-0.3
152.59,7.551793,10.238212,0.029,0.981,0.291,-0.12,-0.3,-0.3
152.595,-0.008011,-0.019291,0.029,0.983,0.288,-0.3,-0.37,-0.3
152.6,-0.01218,-0.01782,0.029,0.983,0.288,-0.3,-0.37,-0.3
152.605,23.453768,-0.018065,0.03,0.981,0.288,-0.3,-0.37,-0.24
152.61,14.079094,0.080109,0.03,0.981,0.288,-0.3,-0.37,-0.24
152.615,0.002943,2.804048,0.029,0.98,0.289,-0.06,-0.37,-0.3
152.62,-0.000695,-0.015899,0.029,0.98,0.289,-0.06,-0.37,-0.3
152.625,64.557922,-0.019414,0.03,0.98,0.288,-0.24,-0.3,-0.24
152.63,58.211761,-0.014918,0.03,0.98,0.288,-0.24,-0.3,-0.24
152.635,0.00327,18.451883,0.031,0.981,0.289,-0.37,-0.37,-0.3
152.64,-0.001798,-0.023256,0.031,0.981,0.289,-0.37,-0.37,-0.3
152.645,34.60342,-0.014428,0.032,0.981,0.29,-0.24,-0.37,-0.24
152.65,60.466007,-0.013324,0.032,0.981,0.29,-0.24,-0.37,-0.24
152.655,0.000245,12.27951,0.03,0.982,0.287,-0.18,-0.24,-0.24
152.66,-0.003515,-0.001471,0.03,0.982,0.287,-0.18,-0.24,-0.24
152.665,0.498554,-0.008256,0.03,0.984,0.289,-0.24,-0.3,-0.37
152.67,45.00528,-0.007357,0.03,0.984,0.289,-0.24,-0.3,-0.37
152.675,-0.012629,11.20066,0.03,0.982,0.29,-0.18,-0.24,-0.24
152.68,-0.010708,-0.006335,0.03,0.982,0.29,-0.18,-0.24,-0.24
152.685,-0.003965,-0.009237,0.031,0.98,0.289,-0.18,-0.37,-0.3
152.69,3.503527,-0.009033,0.031,0.98,0.289,-0.18,-0.37,-0.3
152.695,0.002943,27.888107,0.029,0.981,0.29,-0.18,-0.37,-0.3
152.7,-0.004496,-0.018842,0.029,0.981,0.29,-0.18,-0.37,-0.3
152.705,0.000817,-0.018638,0.03,0.981,0.289,-0.24,-0.3,-0.3
152.71,12.505613,-0.016022,0.03,0.981,0.289,-0.24,-0.3,-0.3
152.715,5.245399,51.863972,0.031,0.981,0.29,-0.3,-0.24,-0.37
152.72,-0.011526,-0.007234,0.031,0.981,0.29,-0.3,-0.24,-0.37
152.725,-0.007439,-0.004169,0.032,0.98,0.289,-0.12,-0.3,-0.3
152.73,30.842155,-0.005191,0.032,0.98,0.289,-0.12,-0.3,-0.3
152.735,33.568054,51.046131,0.029,0.981,0.288,-0.12,-0.3,-0.3
152.74,-0.013079,-0.019087,0.029,0.981,0.288,-0.12,-0.3,-0.3
152.745,-0.012752,-0.011853,0.031,0.981,0.291,-0.24,-0.3,-0.3
152.75,43.603054,-0.015695,0.031,0.981,0.291,-0.24,-0.3,-0.3
152.755,31.761606,-94.591431,0.031,0.982,0.294,-0.12,-0.24,-0.3
152.76,0.002943,-0.008787,0.031,0.982,0.294,-0.12,-0.24,-0.3
152.765,0.003188,-0.004864,0.031,0.98,0.291,-0.12,-0.37,-0.24
152.77,60.532299,-0.004619,0.031,0.98,0.291,-0.12,-0.37,-0.24
152.775,-0.001594,60.728565,0.031,0.98,0.291,-0.12,-0.37,-0.24
152.78,8.2e-05,-0.018719,0.032,0.98,0.289,-0.24,-0.3,-0.24
152.785,0.451633,-0.015899,0.032,0.98,0.289,-0.24,-0.3,-0.24
152.79,1.487323,-0.01827,0.03,0.98,0.29,-0.37,-0.37,-0.37
152.795,0.037684,38.41193,0.03,0.98,0.29,-0.37,-0.37,-0.37
152.8,-0.009727,-0.005068,0.033,0.981,0.291,-0.24,-0.37,-0.3
152.805,0.245639,-0.006417,0.033,0.981,0.291,-0.24,-0.37,-0.3
152.81,1.140486,-0.006539,0.03,0.98,0.292,-0.18,-0.43,-0.43
152.815,0.111416,17.401478,0.03,0.98,0.292,-0.18,-0.43,-0.43
152.82,0.00327,-0.021785,0.031,0.98,0.288,-0.06,-0.37,-0.3
152.825,0.000899,-0.019087,0.031,0.98,0.288,-0.06,-0.37,-0.3
152.83,10.416412,-0.01827,0.031,0.98,0.288,-0.18,-0.3,-0.24
152.835,3.582982,15.581786,0.031,0.98,0.288,-0.18,-0.3,-0.24
152.84,0.001553,0.572368,0.031,0.98,0.291,-0.37,-0.37,-0.3
152.845,0.003351,-0.017044,0.031,0.98,0.291,-0.37,-0.37,-0.3
152.85,40.812737,-0.019986,0.029,0.98,0.29,-0.18,-0.37,-0.24
152.855,64.932472,-0.01827,0.029,0.98,0.29,-0.18,-0.37,-0.24
152.86,0.001144,0.136675,0.031,0.982,0.29,-0.18,-0.3,-0.24
152.865,0.000327,-0.006866,0.031,0.982,0.29,-0.18,-0.3,-0.24
152.87,21.561243,-0.003392,0.03,0.982,0.288,-0.18,-0.3,-0.24
152.875,44.184578,0.040545,0.03,0.982,0.288,-0.18,-0.3,-0.24
152.88,-0.011076,23.117966,0.031,0.981,0.29,-0.24,-0.3,-0.3
152.885,-0.014673,-0.018065,0.031,0.981,0.29,-0.24,-0.3,-0.3
152.89,9.208243,-0.018638,0.031,0.98,0.291,-0.3,-0.3,-0.3
152.895,14.718083,-0.019414,0.031,0.98,0.291,-0.3,-0.3,-0.3
152.9,-0.013079,12.147494,0.033,0.981,0.289,-0.12,-0.18,-0.24
152.905,-0.015368,-0.019087,0.033,0.981,0.289,-0.12,-0.18,-0.24
152.91,-0.00936,-0.012629,0.032,0.98,0.289,-0.18,-0.37,-0.3
152.915,7.028798,-0.008706,0.032,0.98,0.289,-0.18,-0.37,-0.3
152.92,-0.014673,7.507161,0.029,0.98,0.29,-0.24,-0.3,-0.37
152.925,-0.011975,-0.018515,0.029,0.98,0.29,-0.24,-0.3,-0.37
152.93,-0.012548,-0.015,0.03,0.981,0.292,-0.37,-0.37,-0.3
152.935,17.541996,0.008093,0.03,0.981,0.292,-0.37,-0.37,-0.3
152.94,-0.010708,23.485401,0.03,0.983,0.29,-0.24,-0.37,-0.24
152.945,-0.008338,-0.003515,0.03,0.983,0.29,-0.24,-0.37,-0.24
152.95,-0.011158,-0.004986,0.032,0.981,0.29,-0.24,-0.37,-0.3
152.955,53.392574,-0.00327,0.032,0.981,0.29,-0.24,-0.37,-0.3
152.96,-0.009727,32.92392,0.031,0.98,0.291,-0.24,-0.3,-0.24
152.965,-0.009482,-0.01827,0.031,0.98,0.291,-0.24,-0.3,-0.24
152.97,44.846943,-0.018842,0.032,0.98,0.289,-0.18,-0.3,-0.3
152.975,61.7327,-0.02203,0.032,0.98,0.289,-0.18,-0.3,-0.3
152.98,-0.00609,43.250656,0.031,0.98,0.291,-0.24,-0.37,-0.37
152.985,-0.00891,-0.005068,0.031,0.98,0.291,-0.24,-0.37,-0.37
152.99,23.840086,-0.008338,0.029,0.982,0.29,-0.24,-0.37,-0.24
152.995,49.799374,-0.008133,0.029,0.982,0.29,-0.24,-0.37,-0.24
153.0,-0.000899,49.068096,0.03,0.979,0.29,-0.24,-0.3,-0.24
153.005,0.000981,-0.015123,0.03,0.979,0.29,-0.24,-0.3,-0.24
153.01,18.290112,-0.02203,0.03,0.981,0.29,-0.12,-0.3,-0.3
153.015,27.270863,-0.014346,0.03,0.981,0.29,-0.12,-0.3,-0.3
153.02,-0.009932,47.527313,0.031,0.982,0.291,-0.24,-0.37,-0.37
153.025,-0.011403,-0.019741,0.031,0.982,0.291,-0.24,-0.37,-0.37
153.03,11.33104,-0.018188,0.032,0.981,0.29,-0.24,-0.37,-0.24
153.035,22.702055,-0.018188,0.032,0.981,0.29,-0.24,-0.37,-0.24
153.04,0.00139,48.830063,0.032,0.981,0.29,-0.12,-0.3,-0.3
153.045,0.000654,-0.018964,0.032,0.981,0.29,-0.12,-0.3,-0.3
153.05,-0.001676,-0.019659,0.028,0.98,0.289,-0.06,-0.37,-0.37
153.055,6.986291,-0.017943,0.028,0.98,0.289,-0.06,-0.37,-0.37
153.06,0.000817,57.351414,0.031,0.98,0.291,-0.12,-0.3,-0.3
153.065,0.0,-0.01827,0.031,0.98,0.291,-0.12,-0.3,-0.3
153.07,-0.000899,-0.018515,0.03,0.98,0.289,-0.3,-0.37,-0.3
153.075,38.618168,-0.018842,0.03,0.98,0.289,-0.3,-0.37,-0.3
153.08,25.806427,10.085841,0.03,0.982,0.287,-0.12,-0.24,-0.37
153.085,0.001226,-0.015899,0.03,0.982,0.287,-0.12,-0.24,-0.37
153.09,-0.00327,-0.013529,0.032,0.979,0.292,-0.18,-0.24,-0.3
153.095,66.668129,-0.018964,0.032,0.979,0.292,-0.18,-0.24,-0.3
153.1,51.786396,13.735036,0.032,0.979,0.289,-0.37,-0.37,-0.24
153.105,-0.012875,-0.021539,0.032,0.979,0.289,-0.37,-0.37,-0.24
153.11,-0.00846,-0.015899,0.028,0.98,0.289,-0.37,-0.3,-0.24
153.115,66.194183,-0.016921,0.028,0.98,0.289,-0.37,-0.3,-0.24
153.12,61.272076,13.664492,0.029,0.981,0.289,-0.18,-0.3,-0.24
153.125,0.00188,1.201875,0.029,0.981,0.289,-0.18,-0.3,-0.24
153.13,-0.004292,-0.012548,0.032,0.98,0.288,-0.12,-0.37,-0.3
153.135,21.941921,-0.015899,0.032,0.98,0.288,-0.12,-0.37,-0.3
153.14,20.281219,9.660939,0.03,0.981,0.292,-0.3,-0.3,-0.3
153.145,-0.014101,0.002452,0.03,0.981,0.292,-0.3,-0.3,-0.3
153.15,-0.010177,-0.00609,0.03,0.98,0.289,-0.3,-0.37,-0.3
153.155,2.058874,-0.006417,0.03,0.98,0.289,-0.3,-0.37,-0.3
153.16,2.080945,6.183733,0.029,0.98,0.288,-0.18,-0.3,-0.37
153.165,-0.015572,0.009564,0.029,0.98,0.288,-0.18,-0.3,-0.37
153.17,-0.008338,-0.020436,0.029,0.98,0.288,-0.18,-0.3,-0.37
153.175,0.719915,-0.018719,0.034,0.981,0.291,-0.12,-0.43,-0.37
153.18,0.107574,0.443132,0.034,0.981,0.291,-0.12,-0.43,-0.37
153.185,-0.010259,10.49227,0.033,0.982,0.29,-0.24,-0.3,-0.3
153.19,-0.010504,-0.017493,0.033,0.982,0.29,-0.24,-0.3,-0.3
153.195,13.43749,-0.019414,0.028,0.979,0.29,-0.43,-0.37,-0.3
153.2,17.967306,-0.016144,0.028,0.979,0.29,-0.43,-0.37,-0.3
153.205,-0.014101,9.685789,0.031,0.98,0.289,-0.24,-0.37,-0.24
153.21,-0.011076,-0.019659,0.031,0.98,0.289,-0.24,-0.37,-0.24
153.215,54.79464,-0.017616,0.032,0.981,0.289,-0.18,-0.37,-0.24
153.22,46.076042,-0.013651,0.032,0.981,0.289,-0.18,-0.37,-0.24
153.225,-0.012302,32.641247,0.031,0.979,0.29,-0.18,-0.3,-0.3
153.23,-0.010259,-0.001594,0.031,0.979,0.29,-0.18,-0.3,-0.3
153.235,4.655293,-0.001349,0.029,0.978,0.289,-0.18,-0.3,-0.3
153.24,22.713907,-0.009605,0.029,0.978,0.289,-0.18,-0.3,-0.3
153.245,0.003188,29.583387,0.029,0.98,0.29,-0.3,-0.37,-0.24
153.25,0.000327,-0.019414,0.029,0.98,0.29,-0.3,-0.37,-0.24
153.255,1.357188,-0.013774,0.031,0.981,0.291,-0.18,-0.37,-0.3
153.26,8.878981,-0.013079,0.031,0.981,0.291,-0.18,-0.37,-0.3
153.265,-0.000899,48.393143,0.03,0.982,0.289,-0.24,-0.3,-0.24
153.27,-0.002616,-0.016144,0.03,0.982,0.289,-0.24,-0.3,-0.24
153.275,0.028774,-0.01827,0.03,0.981,0.289,-0.24,-0.37,-0.24
153.28,2.252524,-0.015123,0.03,0.981,0.289,-0.24,-0.37,-0.24
153.285,0.083215,46.089443,0.031,0.98,0.289,-0.3,-0.37,-0.3
153.29,-0.003842,-0.02064,0.031,0.98,0.289,-0.3,-0.37,-0.3
153.295,-0.003719,-0.020313,0.032,0.98,0.29,-0.24,-0.37,-0.3
153.3,7.382093,-0.014918,0.032,0.98,0.29,-0.24,-0.37,-0.3
153.305,-58.928085,49.261829,0.03,0.981,0.287,-0.12,-0.37,-0.37
153.31,-0.008583,-0.020109,0.03,0.981,0.287,-0.12,-0.37,-0.37
153.315,-0.004414,-0.020885,0.03,0.982,0.29,-0.18,-0.3,-0.3
153.32,66.90609,-0.015695,0.03,0.982,0.29,-0.18,-0.3,-0.3
153.325,23.133333,47.585842,0.03,0.981,0.29,-0.24,-0.3,-0.3
153.33,-0.01173,-0.017493,0.03,0.981,0.29,-0.24,-0.3,-0.3
153.335,-0.012548,-0.016267,0.03,0.979,0.291,-0.3,-0.37,-0.3
153.34,40.501865,-0.019291,0.03,0.979,0.291,-0.3,-0.37,-0.3
153.345,43.471367,45.48912,0.031,0.981,0.29,-0.3,-0.37,-0.24
153.35,-0.009809,-0.007561,0.031,0.981,0.29,-0.3,-0.37,-0.24
153.355,-0.008706,-0.005886,0.031,0.98,0.291,-0.3,-0.3,-0.3
153.36,19.884274,-0.008338,0.031,0.98,0.291,-0.3,-0.3,-0.3
153.365,-0.007684,61.426571,0.031,0.98,0.291,-0.24,-0.37,-0.3
153.37,-0.013529,-0.006335,0.031,0.98,0.291,-0.24,-0.37,-0.3
153.375,0.003842,-0.009809,0.031,0.98,0.287,-0.24,-0.37,-0.3
153.38,2.18059,-0.007888,0.031,0.98,0.287,-0.24,-0.37,-0.3
153.385,0.375284,10.534123,0.031,0.981,0.289,-0.3,-0.37,-0.3
153.39,0.000981,0.0,0.031,0.981,0.289,-0.3,-0.37,-0.3
153.395,-0.003392,-0.004619,0.031,0.98,0.292,-0.24,-0.3,-0.3
153.4,15.425246,-0.009482,0.031,0.98,0.292,-0.24,-0.3,-0.3
153.405,5.49251,12.159757,0.03,0.979,0.288,-0.24,-0.3,-0.37
153.41,-0.001349,-0.022684,0.03,0.979,0.288,-0.24,-0.3,-0.37
153.415,-0.002044,-0.013447,0.03,0.981,0.29,-0.3,-0.3,-0.37
153.42,61.962074,-0.013978,0.03,0.981,0.29,-0.3,-0.3,-0.37
153.425,9.949248,14.249121,0.031,0.981,0.289,-0.24,-0.43,-0.3
153.43,-0.011403,0.332206,0.031,0.981,0.289,-0.24,-0.43,-0.3
153.435,-0.012752,-0.01827,0.031,0.981,0.291,-0.24,-0.37,-0.3
153.44,42.71336,-0.02064,0.031,0.981,0.291,-0.24,-0.37,-0.3
153.445,64.821869,4.316221,0.03,0.981,0.289,-0.12,-0.3,-0.24
153.45,-0.009605,0.071199,0.03,0.981,0.289,-0.12,-0.3,-0.24
153.455,-0.007807,-0.004986,0.029,0.98,0.29,-0.24,-0.43,-0.24
153.46,27.094952,-0.001676,0.029,0.98,0.29,-0.24,-0.43,-0.24
153.465,62.564442,-0.004414,0.029,0.98,0.29,-0.3,-0.3,-0.37
153.47,0.00327,0.083869,0.029,0.98,0.29,-0.3,-0.3,-0.37
153.475,-0.00045,-0.022234,0.032,0.98,0.29,-0.18,-0.3,-0.3
153.48,9.8532,-0.01545,0.032,0.98,0.29,-0.18,-0.3,-0.3
153.485,25.897572,-0.000777,0.032,0.981,0.287,-0.24,-0.37,-0.24
153.49,-0.011526,22.013775,0.032,0.981,0.287,-0.24,-0.37,-0.24
153.495,-0.01545,-0.01218,0.033,0.981,0.289,-0.24,-0.3,-0.24
153.5,0.543594,-0.007439,0.033,0.981,0.289,-0.24,-0.3,-0.24
153.505,1.255253,-0.007357,0.03,0.98,0.29,-0.3,-0.37,-0.3
153.51,0.053297,16.185135,0.03,0.98,0.29,-0.3,-0.37,-0.3
153.515,-0.008133,-0.005886,0.032,0.98,0.289,0.0,-0.3,-0.24
153.52,-0.007357,-0.004169,0.032,0.98,0.289,0.0,-0.3,-0.24
153.525,51.357243,-0.004986,0.029,0.98,0.29,-0.12,-0.37,-0.3
153.53,-0.007439,25.171772,0.029,0.98,0.29,-0.12,-0.37,-0.3
153.535,-0.009237,-0.003597,0.03,0.981,0.29,-0.24,-0.3,-0.24
153.54,61.473492,-0.00936,0.03,0.981,0.29,-0.24,-0.3,-0.24
153.545,65.114677,-0.013079,0.03,0.981,0.29,-0.3,-0.37,-0.3
153.55,-0.010504,48.085293,0.03,0.981,0.29,-0.3,-0.37,-0.3
153.555,-0.008787,-0.017616,0.029,0.98,0.291,-0.12,-0.43,-0.3
153.56,38.479206,-0.018188,0.029,0.98,0.291,-0.12,-0.43,-0.3
153.565,35.121754,-0.019087,0.029,0.98,0.289,-0.24,-0.37,-0.3
153.57,0.001226,49.210331,0.029,0.98,0.289,-0.24,-0.37,-0.3
153.575,-0.003065,-0.006989,0.032,0.98,0.29,-0.3,-0.37,-0.37
153.58,3.033093,-0.004414,0.032,0.98,0.29,-0.3,-0.37,-0.37
153.585,6.823376,-0.007357,0.03,0.981,0.29,-0.24,-0.24,-0.37
153.59,-0.013774,48.09584,0.03,0.981,0.29,-0.24,-0.24,-0.37
153.595,-0.011526,-0.004864,0.029,0.98,0.29,-0.24,-0.37,-0.37
153.6,-0.01173,-0.00936,0.029,0.98,0.29,-0.24,-0.37,-0.37
153.605,4.784121,-0.002943,0.029,0.98,0.29,-0.24,-0.37,-0.37
153.61,0.000899,55.55698,0.032,0.981,0.29,-0.24,-0.37,-0.24
153.615,-0.012057,-0.018392,0.032,0.981,0.29,-0.24,-0.37,-0.24
153.62,-0.009932,-0.01737,0.031,0.98,0.289,-0.24,-0.37,-0.3
153.625,64.399094,-0.014796,0.031,0.98,0.289,-0.24,-0.37,-0.3
153.63,12.514524,38.134819,0.031,0.98,0.289,-0.24,-0.37,-0.3
153.635,0.004986,-0.003515,0.031,0.98,0.289,-0.24,-0.37,-0.3
153.64,-0.002698,-0.007112,0.031,0.981,0.289,-0.18,-0.24,-0.3
153.645,60.254944,-0.008583,0.031,0.981,0.289,-0.18,-0.24,-0.3
153.65,64.544838,14.744078,0.031,0.98,0.288,-0.3,-0.37,-0.37
153.655,-0.014428,-0.002044,0.031,0.98,0.288,-0.3,-0.37,-0.37
153.66,-0.010831,-0.009605,0.028,0.981,0.29,-0.3,-0.3,-0.3
153.665,36.568943,-0.008338,0.028,0.981,0.29,-0.3,-0.3,-0.3
153.67,58.790264,22.522219,0.031,0.98,0.29,-0.18,-0.3,-0.24
153.675,-0.010381,-0.016144,0.031,0.98,0.29,-0.18,-0.3,-0.24
153.68,-0.010708,-0.012425,0.031,0.979,0.289,-0.18,-0.18,-0.24
153.685,10.727283,-0.015899,0.031,0.979,0.289,-0.18,-0.18,-0.24
153.69,-0.001594,22.526386,0.03,0.981,0.29,-0.24,-0.24,-0.3
153.695,-0.001921,0.008583,0.03,0.981,0.29,-0.24,-0.24,-0.3
153.7,0.653866,-0.015123,0.03,0.983,0.289,-0.24,-0.43,-0.24
153.705,1.106317,-0.017289,0.03,0.983,0.289,-0.24,-0.43,-0.24
153.71,0.072425,5.414363,0.031,0.98,0.291,-0.18,-0.37,-0.37
153.715,0.000981,0.011526,0.031,0.98,0.291,-0.18,-0.37,-0.37
153.72,-0.002698,-0.020885,0.029,0.981,0.29,-0.3,-0.37,-0.37
153.725,50.404194,-0.019087,0.029,0.981,0.29,-0.3,-0.37,-0.37
153.73,54.034752,6.591307,0.03,0.982,0.292,-0.3,-0.3,-0.24
153.735,-0.012425,2.572223,0.03,0.982,0.292,-0.3,-0.3,-0.24
153.74,-0.008706,-0.020436,0.031,0.98,0.289,-0.3,-0.37,-0.24
153.745,12.421745,-0.018638,0.031,0.98,0.289,-0.3,-0.37,-0.24
153.75,24.686951,-0.017493,0.031,0.983,0.289,-0.24,-0.37,-0.24
153.755,-0.006785,18.175671,0.031,0.983,0.289,-0.24,-0.37,-0.24
153.76,-0.009033,-0.005763,0.031,0.981,0.291,-0.3,-0.3,-0.37
153.765,6.816265,-0.00609,0.031,0.981,0.291,-0.3,-0.3,-0.37
153.77,10.184833,-0.010381,0.031,0.98,0.29,-0.18,-0.49,-0.3
153.775,-0.009932,17.532185,0.031,0.98,0.29,-0.18,-0.49,-0.3
153.78,-0.008706,-0.018638,0.032,0.981,0.287,-0.12,-0.43,-0.3
153.785,1.15757,-0.013079,0.032,0.981,0.287,-0.12,-0.43,-0.3
153.79,2.147075,-0.01455,0.029,0.98,0.287,-0.24,-0.37,-0.24
153.795,0.001717,27.901842,0.029,0.98,0.287,-0.24,-0.37,-0.24
153.8,-0.007807,-0.016471,0.029,0.981,0.289,-0.3,-0.37,-0.3
153.805,-0.01173,-0.017943,0.029,0.981,0.289,-0.3,-0.37,-0.3
153.81,12.382507,-0.016022,0.03,0.982,0.292,-0.18,-0.37,-0.3
153.815,-0.014673,33.526531,0.03,0.982,0.292,-0.18,-0.37,-0.3
153.82,-0.00846,-0.010054,0.031,0.98,0.291,-0.12,-0.3,-0.3
153.825,21.456364,-0.008338,0.031,0.98,0.291,-0.12,-0.3,-0.3
153.83,29.570471,-0.004864,0.03,0.982,0.292,-0.18,-0.24,-0.3
153.835,-0.012629,31.423025,0.03,0.982,0.292,-0.18,-0.24,-0.3
153.84,-0.009482,-0.006213,0.031,0.98,0.29,-0.3,-0.3,-0.3
153.845,12.772669,-0.007561,0.031,0.98,0.29,-0.3,-0.3,-0.3
153.85,17.532759,-0.006989,0.032,0.98,0.289,-0.3,-0.3,-0.3
153.855,-0.011403,27.460835,0.032,0.98,0.289,-0.3,-0.3,-0.3
153.86,-0.009482,-0.001921,0.03,0.98,0.288,-0.24,-0.3,-0.3
153.865,3.311838,-0.003065,0.03,0.98,0.288,-0.24,-0.3,-0.3
153.87,8.841378,-0.00609,0.03,0.98,0.289,-0.06,-0.3,-0.3
153.875,-0.011403,49.188915,0.03,0.98,0.289,-0.06,-0.3,-0.3
153.88,-0.008583,-0.006662,0.03,0.982,0.29,-0.24,-0.37,-0.24
153.885,1.393809,-0.004292,0.03,0.982,0.29,-0.24,-0.37,-0.24
153.89,6.719808,-0.006417,0.032,0.98,0.291,-0.24,-0.37,-0.24
153.895,-0.010627,58.845928,0.032,0.98,0.291,-0.24,-0.37,-0.24
153.9,-0.008011,-0.007112,0.031,0.981,0.29,-0.18,-0.3,-0.37
153.905,-0.014101,-0.004496,0.031,0.981,0.29,-0.18,-0.3,-0.37
153.91,23.028948,-0.006662,0.029,0.982,0.288,-0.12,-0.24,-0.3
153.915,23.273277,38.449123,0.029,0.982,0.288,-0.12,-0.24,-0.3
153.92,-0.012425,-0.023133,0.03,0.982,0.29,-0.24,-0.3,-0.24
153.925,-0.011076,-0.017289,0.03,0.982,0.29,-0.24,-0.3,-0.24
153.93,51.280571,-0.017166,0.029,0.982,0.292,-0.24,-0.37,-0.3
153.935,60.109112,39.635632,0.029,0.982,0.292,-0.24,-0.37,-0.3
153.94,0.002616,-0.019741,0.031,0.98,0.291,-0.18,-0.3,-0.24
153.945,-0.001226,-0.017289,0.031,0.98,0.291,-0.18,-0.3,-0.24
153.95,9.001351,-0.020436,0.028,0.98,0.289,-0.12,-0.24,-0.3
153.955,-0.017738,53.768677,0.028,0.98,0.289,-0.12,-0.24,-0.3
153.96,-0.010954,-0.001798,0.028,0.981,0.289,-0.24,-0.3,-0.3
153.965,0.003351,-0.007888,0.028,0.981,0.289,-0.24,-0.3,-0.3
153.97,2.123942,-0.007234,0.033,0.98,0.289,-0.3,-0.37,-0.3
153.975,0.649943,6.635121,0.033,0.98,0.289,-0.3,-0.37,-0.3
153.98,-0.01218,0.006294,0.031,0.981,0.29,-0.24,-0.37,-0.3
153.985,-0.011853,-0.017044,0.031,0.981,0.29,-0.24,-0.37,-0.3
153.99,12.846157,-0.015245,0.031,0.982,0.289,-0.18,-0.3,-0.24
153.995,12.450437,5.53796,0.031,0.982,0.289,-0.18,-0.3,-0.24
154.0,-0.010627,0.015613,0.03,0.98,0.289,-0.24,-0.3,-0.18
154.005,-0.01218,-0.008011,0.03,0.98,0.289,-0.24,-0.3,-0.18
154.01,44.096458,-0.007357,0.029,0.981,0.294,-0.3,-0.43,-0.24
154.015,23.716002,7.281467,0.029,0.981,0.294,-0.3,-0.43,-0.24
154.02,-0.008338,2.09713,0.031,0.981,0.29,-0.24,-0.37,-0.3
154.025,-0.011281,-0.009237,0.031,0.981,0.29,-0.24,-0.37,-0.3
154.03,17.872238,-0.007439,0.032,0.98,0.289,-0.12,-0.37,-0.37
154.035,49.914471,1.71081,0.032,0.98,0.289,-0.12,-0.37,-0.37
154.04,0.000654,0.472723,0.031,0.981,0.29,-0.18,-0.3,-0.3
154.045,-0.002616,-0.019537,0.031,0.981,0.29,-0.18,-0.3,-0.3
154.05,16.088596,-0.018392,0.031,0.981,0.29,-0.18,-0.3,-0.3
154.055,31.270247,-0.019414,0.031,0.981,0.291,-0.37,-0.37,-0.3
154.06,0.003597,14.463697,0.031,0.981,0.291,-0.37,-0.37,-0.3
154.065,-0.001022,-0.004496,0.031,0.982,0.29,-0.18,-0.3,-0.24
154.07,2.555793,-0.00846,0.031,0.982,0.29,-0.18,-0.3,-0.24
154.075,12.820326,-0.004741,0.033,0.982,0.288,-0.18,-0.37,-0.3
154.08,0.004169,22.537588,0.033,0.982,0.288,-0.18,-0.37,-0.3
154.085,-0.002371,-0.01782,0.032,0.982,0.291,-0.24,-0.3,-0.24
154.09,-0.000695,-0.020436,0.032,0.982,0.291,-0.24,-0.3,-0.24
154.095,1.827131,-0.018065,0.032,0.982,0.291,-0.24,-0.24,-0.3
154.1,0.077329,37.913624,0.032,0.982,0.291,-0.24,-0.24,-0.3
154.105,-0.007684,-0.01782,0.031,0.98,0.289,-0.24,-0.37,-0.24
154.11,-0.013324,-0.01455,0.031,0.98,0.289,-0.24,-0.37,-0.24
154.115,59.023232,-0.016717,0.031,0.98,0.287,-0.24,-0.3,-0.24
154.12,-0.001144,40.928486,0.031,0.98,0.287,-0.24,-0.3,-0.24
154.125,0.005313,-0.005068,0.032,0.98,0.29,-0.3,-0.3,-0.24
154.13,64.795639,-0.005886,0.032,0.98,0.29,-0.3,-0.3,-0.24
154.135,64.963699,-0.012425,0.031,0.98,0.29,-0.18,-0.24,-0.3
154.14,-0.013202,25.263897,0.031,0.98,0.29,-0.18,-0.24,-0.3
154.145,-0.011608,-0.000899,0.031,0.979,0.289,-0.18,-0.24,-0.43
154.15,10.230038,-0.009482,0.031,0.979,0.289,-0.18,-0.24,-0.43
154.155,16.794451,-0.008256,0.03,0.98,0.289,-0.12,-0.3,-0.3
154.16,-0.000123,49.900249,0.03,0.98,0.289,-0.12,-0.3,-0.3
154.165,-0.002248,-0.004496,0.031,0.98,0.289,-0.3,-0.43,-0.3
154.17,0.987298,-0.006335,0.031,0.98,0.289,-0.3,-0.43,-0.3
154.175,2.167675,-0.002248,0.03,0.981,0.29,-0.24,-0.37,-0.24
154.18,0.016103,49.883324,0.03,0.981,0.29,-0.24,-0.37,-0.24
154.185,-0.001594,-0.005191,0.03,0.982,0.29,-0.12,-0.3,-0.3
154.19,-0.003719,-0.010708,0.03,0.982,0.29,-0.12,-0.3,-0.3
154.195,21.603748,-0.005763,0.029,0.982,0.291,-0.18,-0.3,-0.3
154.2,16.460855,46.227264,0.029,0.982,0.291,-0.18,-0.3,-0.3
154.205,-0.004292,-0.006989,0.03,0.98,0.29,-0.12,-0.3,-0.3
154.21,-0.008706,-0.003842,0.03,0.98,0.29,-0.12,-0.3,-0.3
154.215,56.189102,-0.008011,0.031,0.979,0.288,-0.18,-0.3,-0.37
154.22,53.158134,44.324356,0.031,0.979,0.288,-0.18,-0.3,-0.37
154.225,-0.011526,-0.006335,0.03,0.982,0.288,-0.24,-0.24,-0.3
154.23,-0.011158,-0.010054,0.03,0.982,0.288,-0.24,-0.24,-0.3
154.235,14.7095,-0.006662,0.027,0.98,0.293,-0.18,-0.3,-0.24
154.24,-0.008133,61.106384,0.027,0.98,0.293,-0.18,-0.3,-0.24
154.245,-0.01218,-0.002493,0.03,0.98,0.29,-0.24,-0.37,-0.24
154.25,0.083215,-0.010381,0.03,0.98,0.29,-0.24,-0.37,-0.24
154.255,0.795283,-0.005313,0.03,0.981,0.289,-0.3,-0.37,-0.3
154.26,1.326942,3.358024,0.03,0.981,0.289,-0.3,-0.37,-0.3
154.265,0.000654,-0.017616,0.028,0.982,0.29,-0.18,-0.37,-0.3
154.27,0.000981,-0.021458,0.028,0.982,0.29,-0.18,-0.37,-0.3
154.275,12.228747,-0.014428,0.031,0.982,0.291,-0.18,-0.24,-0.24
154.28,9.426826,2.930096,0.031,0.982,0.291,-0.18,-0.24,-0.24
154.285,-0.010177,0.148119,0.031,0.98,0.29,-0.18,-0.3,-0.3
154.29,-0.011281,-0.005763,0.031,0.98,0.29,-0.18,-0.3,-0.3
154.295,61.349487,-0.004619,0.032,0.98,0.29,-0.18,-0.37,-0.3
154.3,17.594801,2.920778,0.032,0.98,0.29,-0.18,-0.37,-0.3
154.305,-0.007357,0.256266,0.031,0.982,0.291,-0.24,-0.3,-0.24
154.31,-0.008133,-0.017166,0.031,0.982,0.291,-0.24,-0.3,-0.24
154.315,26.417135,-0.016471,0.033,0.98,0.29,-0.18,-0.37,-0.24
154.32,56.997627,3.445081,0.033,0.98,0.29,-0.18,-0.37,-0.24
154.325,-0.016349,6.892695,0.031,0.979,0.291,-0.12,-0.3,-0.3
154.33,-0.010708,-0.003515,0.031,0.979,0.291,-0.12,-0.3,-0.3
154.335,2.198819,-0.006989,0.029,0.981,0.291,-0.24,-0.37,-0.37
154.34,6.905774,-0.009237,0.029,0.981,0.291,-0.24,-0.37,-0.37
154.345,0.00188,20.618494,0.031,0.982,0.288,-0.18,-0.37,-0.3
154.35,-0.000245,-0.018515,0.031,0.982,0.288,-0.18,-0.37,-0.3
154.355,4.08971,-0.017493,0.028,0.981,0.288,-0.18,-0.3,-0.3
154.36,8.031137,-0.018719,0.028,0.981,0.288,-0.18,-0.3,-0.3
154.365,-0.005313,18.743952,0.031,0.981,0.289,-0.24,-0.37,-0.24
154.37,-0.000899,-0.018188,0.031,0.981,0.289,-0.24,-0.37,-0.24
154.375,-0.002371,-0.017738,0.031,0.983,0.289,-0.18,-0.3,-0.24
154.38,5.510576,-0.015817,0.031,0.983,0.289,-0.18,-0.3,-0.24
154.385,-0.013896,38.190735,0.031,0.982,0.289,-0.37,-0.37,-0.3
154.39,-0.009482,-0.020763,0.031,0.982,0.289,-0.37,-0.37,-0.3
154.395,-0.006417,-0.015245,0.03,0.982,0.288,-0.18,-0.37,-0.43
154.4,30.380548,-0.010177,0.03,0.982,0.288,-0.18,-0.37,-0.43
154.405,0.898852,30.388559,0.031,0.979,0.289,-0.18,-0.37,-0.3
154.41,-0.004414,-0.002493,0.031,0.979,0.289,-0.18,-0.37,-0.3
154.415,0.000654,-0.009155,0.031,0.98,0.29,-0.18,-0.37,-0.24
154.42,64.974648,-0.008256,0.031,0.98,0.29,-0.18,-0.37,-0.24
154.425,47.5905,43.012863,0.03,0.981,0.291,-0.24,-0.43,-0.24
154.43,-0.000695,-0.020885,0.03,0.981,0.291,-0.24,-0.43,-0.24
154.435,-0.003392,-0.015899,0.032,0.981,0.289,-0.24,-0.3,-0.3
154.44,59.887997,-0.014346,0.032,0.981,0.289,-0.24,-0.3,-0.3
154.445,45.860645,49.171093,0.029,0.98,0.287,-0.12,-0.24,-0.3
154.45,-0.012425,-0.025954,0.029,0.98,0.287,-0.12,-0.24,-0.3
154.455,-0.009155,-0.012875,0.028,0.981,0.291,-0.18,-0.43,-0.37
154.46,64.988708,-0.018392,0.028,0.981,0.291,-0.18,-0.43,-0.37
154.465,-0.008338,48.405891,0.03,0.981,0.288,-0.18,-0.37,-0.24
154.47,-0.011281,-0.023828,0.03,0.981,0.288,-0.18,-0.37,-0.24
154.475,57.258881,-0.018964,0.031,0.98,0.291,-0.24,-0.43,-0.3
154.48,60.573498,-0.018392,0.031,0.98,0.291,-0.24,-0.43,-0.3
154.485,-0.010954,52.627949,0.03,0.98,0.29,-0.18,-0.3,-0.24
154.49,-0.008338,-0.002044,0.03,0.98,0.29,-0.18,-0.3,-0.24
154.495,0.006539,-0.004046,0.031,0.981,0.29,-0.24,-0.3,-0.24
154.5,16.089657,-0.007561,0.031,0.981,0.29,-0.24,-0.3,-0.24
154.505,-0.008011,34.452194,0.031,0.981,0.289,-0.37,-0.37,-0.3
154.51,-0.006866,-0.012425,0.031,0.981,0.289,-0.37,-0.37,-0.3
154.515,-0.009727,-0.023256,0.031,0.981,0.289,-0.37,-0.37,-0.3
154.52,9.157889,-0.01545,0.031,0.981,0.289,-0.24,-0.24,-0.24
154.525,-0.008256,42.100117,0.031,0.981,0.289,-0.24,-0.24,-0.24
154.53,-0.007888,-0.004169,0.031,0.98,0.29,-0.24,-0.3,-0.24
154.535,-0.009482,-0.004496,0.031,0.98,0.29,-0.24,-0.3,-0.24
154.54,52.713123,-0.008133,0.029,0.981,0.291,-0.24,-0.37,-0.18
154.545,1.739175,20.301411,0.029,0.981,0.291,-0.24,-0.37,-0.18
154.55,-0.00327,-0.019986,0.03,0.981,0.293,-0.3,-0.37,-0.37
154.555,-0.003965,-0.01782,0.03,0.981,0.293,-0.3,-0.37,-0.37
154.56,62.425316,-0.01545,0.032,0.981,0.289,-0.24,-0.43,-0.3
154.565,50.861794,1.033565,0.032,0.981,0.289,-0.24,-0.43,-0.3
154.57,-0.000695,-0.023828,0.033,0.982,0.29,-0.24,-0.37,-0.24
154.575,0.002452,-0.022112,0.033,0.982,0.29,-0.24,-0.37,-0.24
154.58,43.047935,-0.016349,0.031,0.98,0.291,-0.18,-0.37,-0.3
154.585,61.134418,1.252474,0.031,0.98,0.291,-0.18,-0.37,-0.3
154.59,-0.013529,0.773866,0.032,0.98,0.289,-0.18,-0.3,-0.37
154.595,-0.012752,-0.019864,0.032,0.98,0.289,-0.18,-0.3,-0.37
154.6,33.672115,-0.019169,0.03,0.981,0.29,-0.18,-0.37,-0.3
154.605,56.487957,1.300131,0.03,0.981,0.29,-0.18,-0.37,-0.3
154.61,-0.011853,0.786209,0.031,0.981,0.289,-0.24,-0.3,-0.24
154.615,-0.010054,-0.004864,0.031,0.981,0.289,-0.24,-0.3,-0.24
154.62,0.018638,-0.004864,0.031,0.981,0.29,-0.37,-0.3,-0.3
154.625,16.802052,1.841109,0.031,0.981,0.29,-0.37,-0.3,-0.3
154.63,-0.000899,8.713696,0.031,0.981,0.289,-0.24,-0.43,-0.24
154.635,0.000327,-0.005068,0.031,0.981,0.289,-0.24,-0.43,-0.24
154.64,-0.00282,-0.007112,0.028,0.98,0.291,-0.18,-0.3,-0.3
154.645,30.158779,-0.004414,0.028,0.98,0.291,-0.18,-0.3,-0.3
154.65,0.004496,36.201424,0.029,0.979,0.293,-0.18,-0.37,-0.37
154.655,0.002044,-0.008133,0.029,0.979,0.293,-0.18,-0.37,-0.37
154.66,66.305931,-0.007807,0.03,0.981,0.29,-0.18,-0.37,-0.3
154.665,60.340363,-0.005518,0.03,0.981,0.29,-0.18,-0.37,-0.3
154.67,-0.009932,33.589066,0.03,0.981,0.288,-0.37,-0.37,-0.3
154.675,-0.00891,-0.018719,0.03,0.981,0.288,-0.37,-0.37,-0.3
154.68,49.403,-0.023828,0.032,0.979,0.289,-0.24,-0.37,-0.3
154.685,61.72739,-0.015695,0.032,0.979,0.289,-0.24,-0.37,-0.3
154.69,-0.000695,31.128012,0.032,0.98,0.289,-0.12,-0.3,-0.3
154.695,-0.003597,-0.018842,0.032,0.98,0.289,-0.12,-0.3,-0.3
154.7,4.365104,-0.018964,0.03,0.98,0.29,-0.24,-0.37,-0.3
154.705,64.759338,-0.014346,0.03,0.98,0.29,-0.24,-0.37,-0.3
154.71,-0.003842,-145.273483,0.031,0.98,0.288,-0.24,-0.3,-0.3
154.715,0.00049,-0.005436,0.031,0.98,0.288,-0.24,-0.3,-0.3
154.72,0.032616,-0.010954,0.031,0.98,0.29,-0.24,-0.3,-0.3
154.725,22.373363,-0.010259,0.031,0.98,0.29,-0.24,-0.3,-0.3
154.73,-0.013079,37.687275,0.031,0.979,0.291,-0.24,-0.24,-0.3
154.735,-0.012875,-0.022561,0.031,0.979,0.291,-0.24,-0.24,-0.3
154.74,-0.00936,-0.019414,0.033,0.981,0.29,-0.3,-0.37,-0.3
154.745,6.754058,-0.019169,0.033,0.981,0.29,-0.3,-0.37,-0.3
154.75,-0.011526,31.226105,0.032,0.98,0.288,-0.24,-0.37,-0.3
154.755,-0.008583,-0.003842,0.032,0.98,0.288,-0.24,-0.37,-0.3
154.76,-0.009605,-0.005518,0.029,0.978,0.29,-0.24,-0.37,-0.37
154.765,23.176167,-0.002698,0.029,0.978,0.29,-0.24,-0.37,-0.37
154.77,8.458982,37.015018,0.031,0.98,0.29,-0.06,-0.3,-0.3
154.775,-0.011526,-0.019659,0.031,0.98,0.29,-0.06,-0.3,-0.3
154.78,-0.012057,-0.016921,0.031,0.982,0.29,-0.12,-0.3,-0.3
154.785,41.34211,-0.012425,0.031,0.982,0.29,-0.12,-0.3,-0.3
154.79,23.165213,41.366386,0.032,0.979,0.288,-0.37,-0.43,-0.3
154.795,-0.012057,-0.018842,0.032,0.979,0.288,-0.37,-0.43,-0.3
154.8,-0.010504,-0.018065,0.03,0.982,0.289,-0.3,-0.3,-0.3
154.805,63.397488,-0.017289,0.03,0.982,0.289,-0.3,-0.3,-0.3
154.81,63.69994,30.083576,0.031,0.981,0.289,-0.12,-0.24,-0.3
154.815,-0.014673,-0.017943,0.031,0.981,0.289,-0.12,-0.24,-0.3
154.82,-0.010504,-0.023379,0.034,0.981,0.29,-0.12,-0.24,-0.24
154.825,58.739826,-0.020885,0.034,0.981,0.29,-0.12,-0.24,-0.24
154.83,0.002125,51.568958,0.033,0.981,0.288,-0.37,-0.37,-0.3
154.835,-0.000123,-0.018392,0.033,0.981,0.288,-0.37,-0.37,-0.3
154.84,0.008256,-0.018392,0.032,0.981,0.29,-0.43,-0.37,-0.24
154.845,7.239124,-0.018638,0.032,0.981,0.29,-0.43,-0.37,-0.24
154.85,-0.00846,21.533123,0.031,0.98,0.288,-0.18,-0.3,-0.24
154.855,-0.008583,-0.006417,0.031,0.98,0.288,-0.18,-0.3,-0.24
154.86,-0.009033,-0.007439,0.031,0.978,0.292,0.0,-0.3,-0.24
154.865,36.598862,-0.009932,0.031,0.978,0.292,0.0,-0.3,-0.24
154.87,24.479076,25.743813,0.031,0.98,0.287,-0.18,-0.3,-0.18
154.875,-0.013529,-0.004741,0.031,0.98,0.287,-0.18,-0.3,-0.18
154.88,-0.007684,-0.008583,0.031,0.98,0.288,-0.43,-0.43,-0.37
154.885,47.731018,-0.006662,0.031,0.98,0.288,-0.43,-0.43,-0.37
154.89,54.103497,1.156834,0.031,0.979,0.291,-0.37,-0.37,-0.37
154.895,-0.015817,-0.015572,0.031,0.979,0.291,-0.37,-0.37,-0.37
154.9,-0.007112,-0.018188,0.03,0.98,0.289,-0.06,-0.24,-0.3
154.905,55.9151,-0.016267,0.03,0.98,0.289,-0.06,-0.24,-0.3
154.91,47.719494,1.68735,0.03,0.98,0.287,-0.12,-0.24,-0.3
154.915,-0.013529,9.889412,0.03,0.98,0.287,-0.12,-0.24,-0.3
154.92,-0.009932,-0.021662,0.029,0.98,0.29,-0.24,-0.43,-0.37
154.925,33.671299,-0.020191,0.029,0.98,0.29,-0.24,-0.43,-0.37
154.93,60.962189,0.261906,0.031,0.98,0.289,-0.37,-0.49,-0.24
154.935,-0.013447,2.40424,0.031,0.98,0.289,-0.37,-0.49,-0.24
154.94,-0.016267,-0.020763,0.031,0.98,0.29,-0.24,-0.37,-0.18
154.945,0.002452,-0.020763,0.031,0.98,0.29,-0.24,-0.37,-0.18
154.95,19.004713,0.274658,0.029,0.981,0.288,-0.12,-0.3,-0.24
154.955,-0.01545,2.082743,0.029,0.981,0.288,-0.12,-0.3,-0.24
154.96,-0.014101,-0.003392,0.031,0.98,0.287,-0.24,-0.37,-0.24
154.965,-0.011853,-0.002493,0.031,0.98,0.287,-0.24,-0.37,-0.24
154.97,5.584799,-0.008583,0.032,0.981,0.291,-0.3,-0.43,-0.24
154.975,6.386785,18.225452,0.032,0.981,0.291,-0.3,-0.43,-0.24
154.98,-0.010177,0.00049,0.032,0.981,0.291,-0.3,-0.43,-0.24
154.985,-0.010259,-0.002698,0.029,0.981,0.289,-0.24,-0.3,-0.24
154.99,23.172815,-0.003392,0.029,0.981,0.289,-0.24,-0.3,-0.24
154.995,0.000572,-77.05838,0.03,0.98,0.289,-0.12,-0.24,-0.37
155.0,0.000572,-0.010708,0.03,0.98,0.289,-0.12,-0.24,-0.37
155.005,20.590128,-0.001798,0.031,0.98,0.288,-0.3,-0.43,-0.43
155.01,54.555866,-0.004496,0.031,0.98,0.288,-0.3,-0.43,-0.43
155.015,-0.009482,48.279682,0.034,0.981,0.287,-0.3,-0.43,-0.3
155.02,-0.006866,-0.00045,0.034,0.981,0.287,-0.3,-0.43,-0.3
155.025,1.124382,-0.007888,0.032,0.978,0.289,-0.3,-0.37,-0.3
155.03,53.733036,-0.003147,0.032,0.978,0.289,-0.3,-0.37,-0.3
155.035,0.001226,-129.598297,0.03,0.979,0.288,-0.12,-0.24,-0.24
155.04,-0.002371,-0.018638,0.03,0.979,0.288,-0.12,-0.24,-0.24
155.045,0.090163,-0.011076,0.03,0.981,0.291,-0.24,-0.3,-0.3
155.05,2.2289,-0.013978,0.03,0.981,0.291,-0.24,-0.3,-0.3
155.055,0.001471,39.726856,0.03,0.978,0.288,-0.18,-0.37,-0.37
155.06,0.003188,-0.019741,0.03,0.978,0.288,-0.18,-0.37,-0.37
155.065,-0.002493,-0.017493,0.031,0.98,0.287,-0.18,-0.3,-0.3
155.07,20.355852,-0.017616,0.031,0.98,0.287,-0.18,-0.3,-0.3
155.075,1.668549,39.270401,0.031,0.98,0.291,-0.06,-0.3,-0.3
155.08,0.002125,-0.017616,0.031,0.98,0.291,-0.06,-0.3,-0.3
155.085,0.000817,-0.021785,0.032,0.981,0.289,-0.12,-0.3,-0.24
155.09,34.542274,-0.019414,0.032,0.981,0.289,-0.12,-0.3,-0.24
155.095,12.807328,46.09819,0.029,0.979,0.29,-0.3,-0.3,-0.3
155.1,-0.010259,0.001144,0.029,0.979,0.29,-0.3,-0.3,-0.3
155.105,-0.00891,-0.005313,0.031,0.981,0.292,-0.24,-0.37,-0.24
155.11,64.311218,-0.005313,0.031,0.981,0.292,-0.24,-0.37,-0.24
155.115,53.241268,25.359945,0.03,0.98,0.288,-0.24,-0.49,-0.3
155.12,-0.001349,-0.022357,0.03,0.98,0.288,-0.24,-0.49,-0.3
155.125,-0.001226,-0.019414,0.031,0.98,0.288,-0.24,-0.3,-0.24
155.13,63.213974,-0.017943,0.031,0.98,0.288,-0.24,-0.3,-0.24
155.135,51.883919,34.193394,0.029,0.98,0.289,-0.12,-0.3,-0.37
155.14,0.003515,-0.021212,0.029,0.98,0.289,-0.12,-0.3,-0.37
155.145,-0.001144,-0.02109,0.03,0.98,0.292,-0.24,-0.43,-0.37
155.15,15.723039,-0.017289,0.03,0.98,0.292,-0.24,-0.43,-0.37
155.155,58.703453,25.576155,0.033,0.981,0.291,-0.18,-0.37,-0.3
155.16,8.2e-05,-0.018188,0.033,0.981,0.291,-0.18,-0.37,-0.3
155.165,0.00188,-0.016144,0.031,0.979,0.289,-0.18,-0.3,-0.37
155.17,2.967371,-0.017943,0.031,0.979,0.289,-0.18,-0.3,-0.37
155.175,-0.009155,5.23559,0.031,0.982,0.289,-0.18,-0.24,-0.3
155.18,-0.013774,1.525579,0.031,0.982,0.289,-0.18,-0.24,-0.3
155.185,-0.010054,-0.007357,0.032,0.983,0.29,-0.24,-0.3,-0.3
155.19,7.413646,-0.002248,0.032,0.983,0.29,-0.24,-0.3,-0.3
155.195,8.383206,0.603512,0.031,0.979,0.29,-0.18,-0.37,-0.24
155.2,-0.001144,1.473836,0.031,0.979,0.29,-0.18,-0.37,-0.24
155.205,0.001553,-0.007561,0.03,0.98,0.29,-0.24,-0.43,-0.3
155.21,62.021336,-0.007112,0.03,0.98,0.29,-0.24,-0.43,-0.3
155.215,64.678406,0.689997,0.03,0.981,0.289,-0.3,-0.3,-0.3
155.22,-0.005313,1.436642,0.03,0.981,0.289,-0.3,-0.3,-0.3
155.225,0.000817,-0.019864,0.032,0.981,0.289,-0.24,-0.37,-0.3
155.23,50.307411,-0.019414,0.032,0.981,0.289,-0.24,-0.37,-0.3
155.235,62.259621,-0.022684,0.031,0.98,0.289,-0.24,-0.3,-0.43
155.24,-0.000572,44.967434,0.031,0.98,0.289,-0.24,-0.3,-0.43
155.245,-0.001676,-0.020558,0.031,0.98,0.29,-0.24,-0.37,-0.3
155.25,0.534603,-0.015572,0.031,0.98,0.29,-0.24,-0.37,-0.3
155.255,1.860401,-0.018065,0.032,0.98,0.288,-0.12,-0.43,-0.37
155.26,0.022234,35.335186,0.032,0.98,0.288,-0.12,-0.43,-0.37
155.265,-0.001798,-0.022684,0.028,0.982,0.289,-0.24,-0.43,-0.24
155.27,-0.011281,-0.018719,0.028,0.982,0.289,-0.24,-0.43,-0.24
155.275,2.371706,-0.020436,0.031,0.981,0.285,-0.18,-0.37,-0.24
155.28,0.011608,31.672995,0.031,0.981,0.285,-0.18,-0.37,-0.24
155.285,-0.011076,-0.01827,0.034,0.98,0.29,-0.3,-0.37,-0.3
155.29,-0.012548,-0.019169,0.034,0.98,0.29,-0.3,-0.37,-0.3
155.295,48.63641,-0.017166,0.03,0.982,0.292,-0.24,-0.3,-0.3
155.3,1.183483,33.74168,0.03,0.982,0.292,-0.24,-0.3,-0.3
155.305,0.003188,-0.005518,0.03,0.982,0.289,-0.24,-0.43,-0.37
155.31,-0.000245,-0.003965,0.03,0.982,0.289,-0.24,-0.43,-0.37
155.315,63.182018,-0.00609,0.03,0.981,0.291,-0.24,-0.3,-0.24
155.32,48.248211,-26.507051,0.03,0.981,0.291,-0.24,-0.3,-0.24
155.325,-0.012425,-0.001226,0.029,0.984,0.29,-0.12,-0.3,-0.3
155.33,-0.010627,-0.006213,0.029,0.984,0.29,-0.12,-0.3,-0.3
155.335,64.557846,-0.010831,0.028,0.98,0.292,-0.24,-0.37,-0.24
155.34,55.503925,34.08672,0.028,0.98,0.292,-0.24,-0.37,-0.24
155.345,-0.012057,-0.007807,0.032,0.98,0.29,-0.12,-0.43,-0.12
155.35,-0.007561,-0.004986,0.032,0.98,0.29,-0.12,-0.43,-0.12
155.355,62.881039,-0.010954,0.032,0.981,0.291,-0.18,-0.3,-0.24
155.36,62.703899,38.874435,0.032,0.981,0.291,-0.18,-0.3,-0.24
155.365,-0.01173,-0.003965,0.03,0.981,0.289,-0.24,-0.3,-0.24
155.37,-0.012057,-0.009033,0.03,0.981,0.289,-0.24,-0.3,-0.24
155.375,62.176815,-0.002943,0.031,0.979,0.29,-0.24,-0.3,-0.24
155.38,-0.00282,48.22295,0.031,0.979,0.29,-0.24,-0.3,-0.24
155.385,0.002452,-0.002698,0.032,0.981,0.29,-0.24,-0.37,-0.24
155.39,26.187189,-0.000899,0.032,0.981,0.29,-0.24,-0.37,-0.24
155.395,26.187025,-0.004496,0.03,0.982,0.29,-0.24,-0.37,-0.3
155.4,-0.009482,25.313759,0.03,0.982,0.29,-0.24,-0.37,-0.3
155.405,-0.007234,-0.001226,0.028,0.981,0.29,-0.24,-0.3,-0.3
155.41,-0.001226,-0.003719,0.028,0.981,0.29,-0.24,-0.3,-0.3
155.415,8.596884,-0.005436,0.03,0.98,0.29,-0.18,-0.43,-0.24
155.42,-0.009932,26.224546,0.03,0.98,0.29,-0.18,-0.43,-0.24
155.425,-0.008583,-0.019537,0.031,0.979,0.292,-0.18,-0.43,-0.3
155.43,-0.010259,-0.018188,0.031,0.979,0.292,-0.18,-0.43,-0.3
155.435,11.653274,-0.011403,0.032,0.981,0.291,-0.12,-0.37,-0.3
155.44,0.004087,28.255709,0.032,0.981,0.291,-0.12,-0.37,-0.3
155.445,-0.011526,-0.023256,0.032,0.981,0.291,-0.12,-0.37,-0.3
155.45,-0.006417,-0.022561,0.031,0.982,0.289,-0.12,-0.37,-0.3
155.455,34.726608,-0.019864,0.031,0.982,0.289,-0.12,-0.37,-0.3
155.46,30.0378,27.977127,0.031,0.979,0.29,-0.3,-0.37,-0.3
155.465,-0.013651,0.226838,0.031,0.979,0.29,-0.3,-0.37,-0.3
155.47,-0.012997,-0.007684,0.033,0.981,0.288,-0.12,-0.3,-0.3
155.475,54.097286,-0.007439,0.033,0.981,0.288,-0.12,-0.3,-0.3
155.48,64.731216,0.449835,0.029,0.981,0.289,-0.18,-0.3,-0.37
155.485,0.000327,-0.001921,0.029,0.981,0.289,-0.18,-0.3,-0.37
155.49,0.00376,-0.004741,0.031,0.979,0.29,-0.12,-0.37,-0.3
155.495,46.015549,-0.007888,0.031,0.979,0.29,-0.12,-0.37,-0.3
155.5,64.084465,1.049423,0.029,0.979,0.291,-0.18,-0.37,-0.37
155.505,-0.011853,12.49466,0.029,0.979,0.291,-0.18,-0.37,-0.37
155.51,-0.013202,-0.019741,0.03,0.981,0.29,-0.24,-0.37,-0.37
155.515,2.112007,-0.015,0.03,0.981,0.29,-0.24,-0.37,-0.37
155.52,0.016022,0.700951,0.03,0.981,0.289,-0.24,-0.24,-0.3
155.525,-0.000777,14.871925,0.03,0.981,0.289,-0.24,-0.24,-0.3
155.53,0.002861,-0.004496,0.028,0.981,0.29,-0.24,-0.3,-0.37
155.535,37.032757,-0.008787,0.028,0.981,0.29,-0.24,-0.3,-0.37
155.54,46.305332,-0.007234,0.03,0.978,0.29,-0.24,-0.3,-0.37
155.545,-0.004986,7.246072,0.03,0.978,0.29,-0.24,-0.3,-0.37
155.55,-0.001921,-0.016798,0.03,0.979,0.289,-0.37,-0.3,-0.37
155.555,57.689831,-0.022684,0.03,0.979,0.289,-0.37,-0.3,-0.37
155.56,55.376247,-0.018964,0.032,0.979,0.289,-0.24,-0.3,-0.24
155.565,-0.009932,3.821264,0.032,0.979,0.289,-0.24,-0.3,-0.24
155.57,-0.015123,-0.005191,0.03,0.981,0.289,-0.12,-0.3,-0.37
155.575,56.978989,-0.008706,0.03,0.981,0.289,-0.12,-0.3,-0.37
155.58,66.22271,-0.006539,0.03,0.981,0.288,-0.24,-0.3,-0.3
155.585,0.005068,50.880108,0.03,0.981,0.288,-0.24,-0.3,-0.3
155.59,-0.003147,-0.005313,0.031,0.98,0.289,-0.18,-0.3,-0.24
155.595,13.396209,-0.001676,0.031,0.98,0.289,-0.18,-0.3,-0.24
155.6,32.524517,-0.005967,0.03,0.98,0.29,-0.18,-0.3,-0.3
155.605,-0.008706,46.826691,0.03,0.98,0.29,-0.18,-0.3,-0.3
155.61,-0.010954,-0.00564,0.03,0.981,0.29,-0.18,-0.3,-0.3
155.615,6.366104,-0.006989,0.03,0.981,0.29,-0.18,-0.3,-0.3
155.62,25.735884,-0.00891,0.03,0.981,0.289,-0.3,-0.37,-0.37
155.625,-0.001022,43.882206,0.03,0.981,0.289,-0.3,-0.37,-0.37
155.63,-0.004619,-0.003965,0.032,0.98,0.291,-0.24,-0.24,-0.18
155.635,-0.002044,-0.008133,0.032,0.98,0.291,-0.24,-0.24,-0.18
155.64,16.801561,-0.005886,0.03,0.979,0.29,-0.18,-0.3,-0.3
155.645,-0.009033,50.789124,0.03,0.979,0.29,-0.18,-0.3,-0.3
155.65,-0.011403,-0.004046,0.033,0.979,0.29,-0.24,-0.37,-0.3
155.655,-0.013079,-0.008787,0.033,0.979,0.29,-0.24,-0.37,-0.3
155.66,24.028181,-0.013202,0.032,0.98,0.289,-0.24,-0.3,-0.24
155.665,-0.00609,47.053532,0.032,0.98,0.289,-0.24,-0.3,-0.24
155.67,-0.011526,-0.018719,0.031,0.979,0.291,-0.3,-0.24,-0.3
155.675,-0.010627,-0.012302,0.031,0.979,0.291,-0.3,-0.24,-0.3
155.68,25.185177,-0.016349,0.031,0.979,0.29,-0.18,-0.37,-0.3
155.685,-0.009033,53.626774,0.031,0.979,0.29,-0.18,-0.37,-0.3
155.69,-0.011403,-0.01782,0.033,0.98,0.29,-0.12,-0.37,-0.24
155.695,-0.011403,-0.020885,0.033,0.98,0.29,-0.12,-0.37,-0.24
155.7,46.29953,-0.013447,0.033,0.981,0.289,-0.24,-0.37,-0.24
155.705,25.782394,43.180359,0.033,0.981,0.289,-0.24,-0.37,-0.24
155.71,8.2e-05,-0.005436,0.031,0.979,0.29,-0.24,-0.3,-0.37
155.715,-0.001144,-0.007357,0.031,0.979,0.29,-0.24,-0.3,-0.37
155.72,59.870667,-0.007684,0.029,0.982,0.29,-0.24,-0.24,-0.3
155.725,54.162189,27.222389,0.029,0.982,0.29,-0.24,-0.24,-0.3
155.73,0.0,-0.028202,0.027,0.982,0.287,-0.18,-0.24,-0.24
155.735,0.002698,-0.015572,0.027,0.982,0.287,-0.18,-0.24,-0.24
155.74,61.54731,-0.020763,0.03,0.978,0.288,-0.3,-0.37,-0.37
155.745,66.276993,21.399715,0.03,0.978,0.288,-0.3,-0.37,-0.37
155.75,-0.013774,-0.01827,0.032,0.98,0.291,-0.3,-0.37,-0.3
155.755,-0.011076,-0.021785,0.032,0.98,0.291,-0.3,-0.37,-0.3
155.76,38.005829,-0.019169,0.03,0.98,0.292,-0.24,-0.37,-0.24
155.765,-0.009237,36.393196,0.03,0.98,0.292,-0.24,-0.37,-0.24
155.77,-0.007234,-0.004864,0.03,0.979,0.288,-0.12,-0.3,-0.37
155.775,-0.007561,-0.006335,0.03,0.979,0.288,-0.12,-0.3,-0.37
155.78,2.36296,-0.010177,0.033,0.98,0.288,-0.12,-0.3,-0.3
155.785,0.00139,16.258457,0.033,0.98,0.288,-0.12,-0.3,-0.3
155.79,-0.010504,-0.00282,0.03,0.983,0.292,-0.24,-0.37,-0.24
155.795,-0.011853,-0.003515,0.03,0.983,0.292,-0.24,-0.37,-0.24
155.8,45.864735,-0.007234,0.031,0.981,0.291,-0.3,-0.3,-0.3
155.805,2.820151,16.250366,0.031,0.981,0.291,-0.3,-0.3,-0.3
155.81,-0.010259,-0.018964,0.031,0.979,0.288,-0.12,-0.3,-0.3
155.815,-0.012997,-0.015817,0.031,0.979,0.288,-0.12,-0.3,-0.3
155.82,62.614716,-0.015899,0.033,0.98,0.29,-0.24,-0.43,-0.3
155.825,58.221001,0.117138,0.033,0.98,0.29,-0.24,-0.43,-0.3
155.83,-0.007561,-75.103493,0.033,0.98,0.29,-0.3,-0.37,-0.3
155.835,-0.008338,-0.013529,0.033,0.98,0.29,-0.3,-0.37,-0.3
155.84,25.286295,-0.012752,0.033,0.979,0.292,-0.3,-0.37,-0.3
155.845,56.4515,0.015368,0.033,0.979,0.292,-0.3,-0.37,-0.3
155.85,-0.01455,6.888608,0.03,0.98,0.288,-0.18,-0.24,-0.3
155.855,-0.007561,-0.006417,0.03,0.98,0.288,-0.18,-0.24,-0.3
155.86,32.222969,-0.008256,0.03,0.98,0.288,-0.18,-0.24,-0.3
155.865,61.852783,0.05297,0.03,0.98,0.288,-0.18,-0.24,-0.3
155.87,0.00327,5.753436,0.032,0.98,0.289,-0.24,-0.37,-0.37
155.875,0.000981,-0.020558,0.032,0.98,0.289,-0.24,-0.37,-0.37
155.88,0.193814,-0.021785,0.032,0.981,0.29,-0.3,-0.43,-0.3
155.885,2.651351,0.056076,0.032,0.981,0.29,-0.3,-0.43,-0.3
155.89,-0.011403,26.778194,0.031,0.981,0.289,-0.18,-0.37,-0.18
155.895,-0.008011,-0.019414,0.031,0.981,0.289,-0.18,-0.37,-0.18
155.9,-0.00936,-0.016594,0.029,0.98,0.292,-0.24,-0.3,-0.24
155.905,20.681517,-0.015245,0.029,0.98,0.292,-0.24,-0.3,-0.24
155.91,5.655589,-25.449209,0.032,0.981,0.289,-0.3,-0.24,-0.24
155.915,-0.011403,-0.002125,0.032,0.981,0.289,-0.3,-0.24,-0.24
155.92,-0.010708,-0.00936,0.029,0.98,0.29,-0.24,-0.37,-0.3
155.925,25.340816,-0.01218,0.029,0.98,0.29,-0.24,-0.37,-0.3
155.93,12.26308,-139.795517,0.029,0.98,0.289,-0.3,-0.37,-0.3
155.935,-0.00282,-0.021335,0.029,0.98,0.289,-0.3,-0.37,-0.3
155.94,0.003597,-0.021662,0.029,0.98,0.288,-0.24,-0.37,-0.24
155.945,49.4818,-0.018638,0.029,0.98,0.288,-0.24,-0.37,-0.24
155.95,-0.00282,60.507534,0.028,0.981,0.288,-0.18,-0.43,-0.37
155.955,-0.001349,-0.017493,0.028,0.981,0.288,-0.18,-0.43,-0.37
155.96,36.989597,-0.018964,0.03,0.981,0.288,-0.12,-0.37,-0.24
155.965,43.043926,-0.013529,0.03,0.981,0.288,-0.12,-0.37,-0.24
155.97,-0.007112,48.919735,0.031,0.98,0.292,-0.24,-0.3,-0.24
155.975,-0.008583,-0.015245,0.031,0.98,0.292,-0.24,-0.3,-0.24
155.98,13.742311,-0.01545,0.031,0.98,0.292,-0.24,-0.3,-0.24
155.985,31.05714,-0.012875,0.031,0.981,0.292,-0.3,-0.3,-0.3
155.99,0.001144,44.275478,0.031,0.981,0.292,-0.3,-0.3,-0.3
155.995,-0.006417,-0.015123,0.03,0.982,0.289,-0.24,-0.37,-0.37
156.0,0.00139,-0.011076,0.03,0.982,0.289,-0.24,-0.37,-0.37
156.005,17.152651,-0.01545,0.029,0.982,0.291,-0.18,-0.3,-0.3
156.01,-0.013079,-131.642456,0.029,0.982,0.291,-0.18,-0.3,-0.3
156.015,-0.009482,-0.004414,0.031,0.981,0.29,-0.24,-0.3,-0.3
156.02,-0.005886,-0.004046,0.031,0.981,0.29,-0.24,-0.3,-0.3
156.025,2.362224,-0.006989,0.031,0.981,0.289,-0.3,-0.37,-0.3
156.03,0.715828,44.114605,0.031,0.981,0.289,-0.3,-0.37,-0.3
156.035,-0.012875,-0.006539,0.031,0.982,0.289,-0.18,-0.3,-0.3
156.04,-0.008011,-0.009237,0.031,0.982,0.289,-0.18,-0.3,-0.3
156.045,59.185982,-0.009237,0.03,0.983,0.289,-0.24,-0.3,-0.3
156.05,1.349831,48.15012,0.03,0.983,0.289,-0.24,-0.3,-0.3
156.055,-0.002616,-0.00609,0.03,0.979,0.288,-0.24,-0.3,-0.24
156.06,-0.000777,-0.007888,0.03,0.979,0.288,-0.24,-0.3,-0.24
156.065,58.13615,-0.006866,0.03,0.982,0.29,-0.24,-0.37,-0.3
156.07,62.915535,15.079062,0.03,0.982,0.29,-0.24,-0.37,-0.3
156.075,-0.012425,-0.003719,0.031,0.981,0.29,-0.3,-0.37,-0.3
156.08,-0.010381,-0.008133,0.031,0.981,0.29,-0.3,-0.37,-0.3
156.085,54.45647,-0.006866,0.031,0.98,0.291,-0.18,-0.3,-0.3
156.09,62.450653,23.322161,0.031,0.98,0.291,-0.18,-0.3,-0.3
156.095,-0.002248,-0.005886,0.032,0.982,0.288,-0.18,-0.3,-0.37
156.1,-0.004169,-0.00609,0.032,0.982,0.288,-0.18,-0.3,-0.37
156.105,10.312271,-0.009237,0.03,0.982,0.288,-0.24,-0.37,-0.3
156.11,-0.011853,15.174294,0.03,0.982,0.288,-0.24,-0.37,-0.3
156.115,-0.004619,0.906863,0.029,0.981,0.292,-0.18,-0.37,-0.24
156.12,0.055422,-0.018065,0.029,0.981,0.292,-0.18,-0.37,-0.24
156.125,1.12806,-0.019291,0.031,0.981,0.289,-0.18,-0.37,-0.3
156.13,0.517437,-0.071689,0.031,0.981,0.289,-0.18,-0.37,-0.3
156.135,-0.010054,-0.009727,0.03,0.981,0.286,-0.18,-0.37,-0.3
156.14,-0.01173,-0.017166,0.03,0.981,0.286,-0.18,-0.37,-0.3
156.145,54.214344,-0.012629,0.032,0.981,0.288,-0.18,-0.37,-0.3
156.15,4.031345,6.066104,0.032,0.981,0.288,-0.18,-0.37,-0.3
156.155,-0.010831,0.006458,0.032,0.98,0.29,-0.18,-0.3,-0.18
156.16,-0.011158,-0.020191,0.032,0.98,0.29,-0.18,-0.3,-0.18
156.165,62.451721,-0.016022,0.031,0.981,0.29,-0.24,-0.3,-0.24
156.17,61.509296,0.043488,0.031,0.981,0.29,-0.24,-0.3,-0.24
156.175,-0.023256,1.202202,0.029,0.982,0.291,-0.24,-0.37,-0.3
156.18,-0.008787,-0.013774,0.029,0.982,0.291,-0.24,-0.37,-0.3
156.185,6.609127,-0.01782,0.03,0.979,0.289,-0.24,-0.43,-0.37
156.19,17.510361,-0.021458,0.03,0.979,0.289,-0.24,-0.43,-0.37
156.195,-0.009155,14.082446,0.03,0.98,0.29,-0.24,-0.43,-0.37
156.2,-0.010504,-0.016267,0.03,0.98,0.29,-0.24,-0.43,-0.37
156.205,2.917017,-0.021539,0.031,0.982,0.291,-0.24,-0.3,-0.37
156.21,7.225881,-0.021907,0.031,0.982,0.291,-0.24,-0.3,-0.37
156.215,-0.012425,9.772845,0.029,0.979,0.291,-0.18,-0.43,-0.3
156.22,-0.009237,-0.00327,0.029,0.979,0.291,-0.18,-0.43,-0.3
156.225,-0.010831,-0.003515,0.03,0.98,0.289,-0.18,-0.43,-0.24
156.23,3.564508,-0.003147,0.03,0.98,0.289,-0.18,-0.43,-0.24
156.235,0.005313,33.004925,0.031,0.981,0.291,-0.3,-0.3,-0.24
156.24,0.000245,-0.008011,0.031,0.981,0.291,-0.3,-0.3,-0.24
156.245,-0.002125,-0.008011,0.032,0.98,0.292,-0.24,-0.24,-0.3
156.25,61.200222,-0.004292,0.032,0.98,0.292,-0.24,-0.24,-0.3
156.255,-0.009809,14.616721,0.03,0.98,0.29,-0.12,-0.3,-0.3
156.26,-0.015899,-0.008338,0.03,0.98,0.29,-0.12,-0.3,-0.3
156.265,61.440548,-0.00609,0.033,0.981,0.29,-0.18,-0.3,-0.3
156.27,68.559021,-0.007888,0.033,0.981,0.29,-0.18,-0.3,-0.3
156.275,-0.012302,52.428738,0.03,0.98,0.292,-0.24,-0.37,-0.3
156.28,-0.010504,-0.019169,0.03,0.98,0.292,-0.24,-0.37,-0.3
156.285,15.738569,-0.018638,0.032,0.981,0.29,-0.24,-0.37,-0.37
156.29,32.213078,-0.017616,0.032,0.981,0.29,-0.24,-0.37,-0.37
156.295,0.00188,47.531647,0.031,0.98,0.289,-0.12,-0.3,-0.24
156.3,0.000245,-0.005068,0.031,0.98,0.289,-0.12,-0.3,-0.24
156.305,3.947476,-0.00891,0.03,0.982,0.29,-0.12,-0.37,-0.24
156.31,9.861865,-0.008583,0.03,0.982,0.29,-0.12,-0.37,-0.24
156.315,0.000327,51.683563,0.031,0.983,0.29,-0.43,-0.55,-0.24
156.32,-0.000327,-0.002493,0.031,0.983,0.29,-0.43,-0.55,-0.24
156.325,-0.001921,-0.006335,0.028,0.981,0.288,-0.37,-0.43,-0.37
156.33,31.450163,-0.008011,0.028,0.981,0.288,-0.37,-0.43,-0.37
156.335,-9.178285,52.86116,0.028,0.98,0.288,-0.12,-0.37,-0.37
156.34,-0.008338,-0.018964,0.028,0.98,0.288,-0.12,-0.37,-0.37
156.345,-0.00609,-0.019659,0.031,0.982,0.291,-0.06,-0.37,-0.3
156.35,66.744804,-0.015123,0.031,0.982,0.291,-0.06,-0.37,-0.3
156.355,15.749849,48.335022,0.03,0.981,0.291,-0.3,-0.43,-0.37
156.36,-0.012302,-0.004414,0.03,0.981,0.291,-0.3,-0.43,-0.37
156.365,-0.010954,-0.005436,0.03,0.981,0.291,-0.3,-0.37,-0.3
156.37,36.584064,-0.004414,0.03,0.981,0.291,-0.3,-0.37,-0.3
156.375,42.756599,51.131222,0.031,0.979,0.29,-0.24,-0.24,-0.37
156.38,-0.013324,-0.007807,0.031,0.979,0.29,-0.24,-0.24,-0.37
156.385,-0.007234,-0.005436,0.029,0.982,0.289,-0.24,-0.3,-0.3
156.39,32.70705,-0.00846,0.029,0.982,0.289,-0.24,-0.3,-0.3
156.395,51.429913,8.729063,0.029,0.982,0.289,-0.24,-0.3,-0.24
156.4,0.001717,-0.013447,0.029,0.982,0.289,-0.24,-0.3,-0.24
156.405,-0.004292,-0.016594,0.03,0.981,0.288,-0.49,-0.37,-0.3
156.41,33.498081,-0.015572,0.03,0.981,0.288,-0.49,-0.37,-0.3
156.415,8.2e-05,22.924559,0.03,0.981,0.289,-0.18,-0.37,-0.18
156.42,-0.001921,0.021907,0.03,0.981,0.289,-0.18,-0.37,-0.18
156.425,-0.003065,-0.01782,0.029,0.979,0.289,-0.18,-0.24,-0.18
156.43,0.676591,-0.013978,0.029,0.979,0.289,-0.18,-0.24,-0.18
156.435,0.203705,6.207357,0.031,0.981,0.289,-0.3,-0.37,-0.3
156.44,-0.012548,0.021253,0.031,0.981,0.289,-0.3,-0.37,-0.3
156.445,-0.011853,-0.020885,0.031,0.983,0.291,-0.24,-0.3,-0.37
156.45,42.998886,-0.019537,0.031,0.983,0.291,-0.24,-0.3,-0.37
156.455,33.233971,0.00376,0.031,0.983,0.291,-0.24,-0.3,-0.37
156.46,-0.011853,6.092835,0.031,0.981,0.29,-0.18,-0.3,-0.24
156.465,-0.011076,-0.006662,0.031,0.981,0.29,-0.18,-0.3,-0.24
156.47,39.40855,-0.006417,0.028,0.981,0.289,-0.24,-0.37,-0.3
156.475,54.129986,-0.008583,0.028,0.981,0.289,-0.24,-0.37,-0.3
156.48,0.004087,29.50197,0.031,0.983,0.289,-0.3,-0.37,-0.3
156.485,-0.00327,-0.005763,0.031,0.983,0.289,-0.3,-0.37,-0.3
156.49,25.733839,-0.010954,0.031,0.98,0.29,-0.18,-0.3,-0.24
156.495,53.579849,-0.011076,0.031,0.98,0.29,-0.18,-0.3,-0.24
156.5,-0.010259,22.998701,0.029,0.978,0.29,-0.12,-0.3,-0.37
